pdb,path,protein,virus,method,rerefinement,highRes,lowRes,rmsd,rwork,rfree,rmerge,sigmaI,sigmaF,redundancy,completeness
6y84,../pdb/3c_like_proteinase/SARS-CoV-2/6y84,3c_like_proteinase,SARS-CoV-2,X-RAY DIFFRACTION,0.0,1.39,54.93,,0.1779,0.2,0.059,,,3.6,97.5
5rgr,../pdb/3c_like_proteinase/SARS-CoV-2/5rgr,3c_like_proteinase,SARS-CoV-2,X-RAY DIFFRACTION,0.0,1.3,54.53,,0.1728,0.2001,0.057,,,2.8,88.5
5n19,../pdb/3c_like_proteinase/SARS-CoV/5n19,3c_like_proteinase,SARS-CoV,X-RAY DIFFRACTION,0.0,1.62,64.77,,0.17248,0.20045,0.034,,,6.8,98.2
6m2q,../pdb/3c_like_proteinase/SARS-CoV-2/6m2q,3c_like_proteinase,SARS-CoV-2,X-RAY DIFFRACTION,0.0,1.7,50.0,,0.1755,0.204,0.077,,,6.7,99.0
3szn,../pdb/3c_like_proteinase/SARS-CoV/3szn,3c_like_proteinase,SARS-CoV,X-RAY DIFFRACTION,0.0,1.69,32.1,,0.18493,0.20669,,-3.0,0.0,,94.9
2op9,../pdb/3c_like_proteinase/SARS-CoV/2op9,3c_like_proteinase,SARS-CoV,X-RAY DIFFRACTION,0.0,1.8,65.938,,0.17,0.207,,,,,
5rgh,../pdb/3c_like_proteinase/SARS-CoV-2/5rgh,3c_like_proteinase,SARS-CoV-2,X-RAY DIFFRACTION,0.0,1.7,55.07,,0.1654,0.2076,0.111,,,3.5,99.6
2qcy,../pdb/3c_like_proteinase/SARS-CoV/2qcy,3c_like_proteinase,SARS-CoV,X-RAY DIFFRACTION,0.0,1.75,50.0,,0.168,0.208,0.067,,,6.9,99.4
2zu5,../pdb/3c_like_proteinase/SARS-CoV/2zu5,3c_like_proteinase,SARS-CoV,X-RAY DIFFRACTION,0.0,1.65,50.0,,0.183,0.208,0.047,1.0,,2.1,95.9
5r8t,../pdb/3c_like_proteinase/SARS-CoV-2/5r8t,3c_like_proteinase,SARS-CoV-2,X-RAY DIFFRACTION,0.0,1.27,54.69,,0.1841,0.2081,0.065,,,2.8,86.1
5rfu,../pdb/3c_like_proteinase/SARS-CoV-2/5rfu,3c_like_proteinase,SARS-CoV-2,X-RAY DIFFRACTION,0.0,1.53,54.83,,0.1753,0.2098,0.094,,,3.3,99.2
5rgk,../pdb/3c_like_proteinase/SARS-CoV-2/5rgk,3c_like_proteinase,SARS-CoV-2,X-RAY DIFFRACTION,0.0,1.43,54.8,,0.1742,0.2099,0.078,,,3.1,97.3
5rfd,../pdb/3c_like_proteinase/SARS-CoV-2/5rfd,3c_like_proteinase,SARS-CoV-2,X-RAY DIFFRACTION,0.0,1.41,54.59,,0.1776,0.211,0.079,,,3.2,94.2
2v6n,../pdb/3c_like_proteinase/SARS-CoV/2v6n,3c_like_proteinase,SARS-CoV,X-RAY DIFFRACTION,0.0,1.95,65.0,,0.164,0.211,0.12,2.0,,3.4,97.4
5red,../pdb/3c_like_proteinase/SARS-CoV-2/5red,3c_like_proteinase,SARS-CoV-2,X-RAY DIFFRACTION,0.0,1.47,55.19,,0.1814,0.2112,0.085,,,3.2,98.4
5r82,../pdb/3c_like_proteinase/SARS-CoV-2/5r82,3c_like_proteinase,SARS-CoV-2,X-RAY DIFFRACTION,0.0,1.31,54.93,,0.1803,0.2116,0.05,,,2.9,88.7
5rgi,../pdb/3c_like_proteinase/SARS-CoV-2/5rgi,3c_like_proteinase,SARS-CoV-2,X-RAY DIFFRACTION,0.0,1.57,54.65,,0.1703,0.2117,0.096,,,3.3,99.4
4mds,../pdb/3c_like_proteinase/SARS-CoV/4mds,3c_like_proteinase,SARS-CoV,X-RAY DIFFRACTION,0.0,1.598,55.419,,0.1699,0.21227,,0.0,0.0,,95.4
5rfc,../pdb/3c_like_proteinase/SARS-CoV-2/5rfc,3c_like_proteinase,SARS-CoV-2,X-RAY DIFFRACTION,0.0,1.4,54.98,,0.1795,0.2128,0.069,,,3.2,92.7
5rf8,../pdb/3c_like_proteinase/SARS-CoV-2/5rf8,3c_like_proteinase,SARS-CoV-2,X-RAY DIFFRACTION,0.0,1.43,54.96,,0.1773,0.2132,0.078,,,3.1,98.0
5rfe,../pdb/3c_like_proteinase/SARS-CoV-2/5rfe,3c_like_proteinase,SARS-CoV-2,X-RAY DIFFRACTION,0.0,1.46,54.91,,0.1769,0.2136,0.06,,,3.3,94.4
2h2z,../pdb/3c_like_proteinase/SARS-CoV/2h2z,3c_like_proteinase,SARS-CoV,X-RAY DIFFRACTION,0.0,1.6,50.0,,0.201,0.214,,,0.0,,99.0
5rg3,../pdb/3c_like_proteinase/SARS-CoV-2/5rg3,3c_like_proteinase,SARS-CoV-2,X-RAY DIFFRACTION,0.0,1.58,54.98,,0.1751,0.215,0.09,,,3.4,99.6
5rfa,../pdb/3c_like_proteinase/SARS-CoV-2/5rfa,3c_like_proteinase,SARS-CoV-2,X-RAY DIFFRACTION,0.0,1.52,54.9,,0.1767,0.2151,0.078,,,3.2,98.8
5rf9,../pdb/3c_like_proteinase/SARS-CoV-2/5rf9,3c_like_proteinase,SARS-CoV-2,X-RAY DIFFRACTION,0.0,1.43,54.63,,0.182,0.2154,0.077,,,3.2,95.4
5rfx,../pdb/3c_like_proteinase/SARS-CoV-2/5rfx,3c_like_proteinase,SARS-CoV-2,X-RAY DIFFRACTION,0.0,1.55,54.44,,0.1844,0.2163,0.104,,,3.3,99.2
5rgg,../pdb/3c_like_proteinase/SARS-CoV-2/5rgg,3c_like_proteinase,SARS-CoV-2,X-RAY DIFFRACTION,0.0,2.25,54.61,,0.1665,0.2165,0.338,,,3.4,99.4
5rf7,../pdb/3c_like_proteinase/SARS-CoV-2/5rf7,3c_like_proteinase,SARS-CoV-2,X-RAY DIFFRACTION,0.0,1.54,55.15,,0.1804,0.2169,0.088,,,3.3,99.3
2gt7,../pdb/3c_like_proteinase/SARS-CoV/2gt7,3c_like_proteinase,SARS-CoV,X-RAY DIFFRACTION,0.0,1.82,50.0,,0.16989,0.21694,,,,,96.4
5rf6,../pdb/3c_like_proteinase/SARS-CoV-2/5rf6,3c_like_proteinase,SARS-CoV-2,X-RAY DIFFRACTION,0.0,1.45,54.94,,0.1806,0.2174,0.093,,,3.1,98.1
6y2f,../pdb/3c_like_proteinase/SARS-CoV-2/6y2f,3c_like_proteinase,SARS-CoV-2,X-RAY DIFFRACTION,0.0,1.95,43.369,,0.1779,0.2191,0.076,,,6.8,100.0
3tnt,../pdb/3c_like_proteinase/SARS-CoV/3tnt,3c_like_proteinase,SARS-CoV,X-RAY DIFFRACTION,0.0,1.59,30.58,,0.1936,0.21916,,-3.0,0.0,,94.9
5rf3,../pdb/3c_like_proteinase/SARS-CoV-2/5rf3,3c_like_proteinase,SARS-CoV-2,X-RAY DIFFRACTION,0.0,1.5,54.73,,0.1853,0.221,0.098,,,3.2,98.6
2duc,../pdb/3c_like_proteinase/SARS-CoV/2duc,3c_like_proteinase,SARS-CoV,X-RAY DIFFRACTION,0.0,1.7,50.0,,0.194,0.221,,-3.0,,5.0,99.5
2hob,../pdb/3c_like_proteinase/SARS-CoV/2hob,3c_like_proteinase,SARS-CoV,X-RAY DIFFRACTION,0.0,1.95,50.0,,0.202,0.221,,,,,99.6
6w63,../pdb/3c_like_proteinase/SARS-CoV-2/6w63,3c_like_proteinase,SARS-CoV-2,X-RAY DIFFRACTION,0.0,2.1,100.0,,0.1499,0.2214,,,,8.5,99.3
5rf2,../pdb/3c_like_proteinase/SARS-CoV-2/5rf2,3c_like_proteinase,SARS-CoV-2,X-RAY DIFFRACTION,0.0,1.53,54.88,,0.1817,0.2216,0.094,,,3.2,99.0
5rev,../pdb/3c_like_proteinase/SARS-CoV-2/5rev,3c_like_proteinase,SARS-CoV-2,X-RAY DIFFRACTION,0.0,1.6,54.73,,0.1763,0.2217,0.112,,,3.5,97.9
5ret,../pdb/3c_like_proteinase/SARS-CoV-2/5ret,3c_like_proteinase,SARS-CoV-2,X-RAY DIFFRACTION,0.0,1.68,55.01,,0.182,0.222,0.125,,,3.5,99.8
5rfw,../pdb/3c_like_proteinase/SARS-CoV-2/5rfw,3c_like_proteinase,SARS-CoV-2,X-RAY DIFFRACTION,0.0,1.43,54.98,,0.1895,0.2232,0.058,,,3.0,97.9
5rfb,../pdb/3c_like_proteinase/SARS-CoV-2/5rfb,3c_like_proteinase,SARS-CoV-2,X-RAY DIFFRACTION,0.0,1.48,54.86,,0.1833,0.2235,0.077,,,3.1,97.9
5rew,../pdb/3c_like_proteinase/SARS-CoV-2/5rew,3c_like_proteinase,SARS-CoV-2,X-RAY DIFFRACTION,0.0,1.55,54.66,,0.1848,0.2236,0.116,,,3.3,99.5
5rfv,../pdb/3c_like_proteinase/SARS-CoV-2/5rfv,3c_like_proteinase,SARS-CoV-2,X-RAY DIFFRACTION,0.0,1.48,54.67,,0.1873,0.2236,0.087,,,3.1,97.9
5reb,../pdb/3c_like_proteinase/SARS-CoV-2/5reb,3c_like_proteinase,SARS-CoV-2,X-RAY DIFFRACTION,0.0,1.68,55.22,,0.1755,0.2237,0.093,,,3.5,99.5
5rgm,../pdb/3c_like_proteinase/SARS-CoV-2/5rgm,3c_like_proteinase,SARS-CoV-2,X-RAY DIFFRACTION,0.0,2.04,43.32,,0.1739,0.2237,0.164,,,3.7,99.9
2z9k,../pdb/3c_like_proteinase/SARS-CoV/2z9k,3c_like_proteinase,SARS-CoV,X-RAY DIFFRACTION,0.0,1.85,30.0,,0.187,0.224,0.036,1.0,0.0,2.4,92.8
2z94,../pdb/3c_like_proteinase/SARS-CoV/2z94,3c_like_proteinase,SARS-CoV,X-RAY DIFFRACTION,0.0,1.78,30.0,,0.191,0.224,0.049,1.0,0.0,3.9,97.1
5rf4,../pdb/3c_like_proteinase/SARS-CoV-2/5rf4,3c_like_proteinase,SARS-CoV-2,X-RAY DIFFRACTION,0.0,1.61,54.95,,0.18,0.2249,0.107,,,3.4,99.2
5re7,../pdb/3c_like_proteinase/SARS-CoV-2/5re7,3c_like_proteinase,SARS-CoV-2,X-RAY DIFFRACTION,0.0,1.79,55.19,,0.1673,0.225,0.126,,,3.6,99.4
7bqy,../pdb/3c_like_proteinase/SARS-CoV-2/7bqy,3c_like_proteinase,SARS-CoV-2,X-RAY DIFFRACTION,0.0,1.7,50.0,,0.1949,0.2257,0.061,,,6.5,98.1
5res,../pdb/3c_like_proteinase/SARS-CoV-2/5res,3c_like_proteinase,SARS-CoV-2,X-RAY DIFFRACTION,0.0,1.65,54.74,,0.1814,0.2263,0.119,,,3.5,98.3
5rf0,../pdb/3c_like_proteinase/SARS-CoV-2/5rf0,3c_like_proteinase,SARS-CoV-2,X-RAY DIFFRACTION,0.0,1.65,54.88,,0.1811,0.2264,0.131,,,3.5,99.8
5rfz,../pdb/3c_like_proteinase/SARS-CoV-2/5rfz,3c_like_proteinase,SARS-CoV-2,X-RAY DIFFRACTION,0.0,1.68,54.42,,0.1808,0.2265,0.146,,,3.5,99.7
5reo,../pdb/3c_like_proteinase/SARS-CoV-2/5reo,3c_like_proteinase,SARS-CoV-2,X-RAY DIFFRACTION,0.0,1.88,54.84,,0.1676,0.2268,0.211,,,3.5,99.6
5rg2,../pdb/3c_like_proteinase/SARS-CoV-2/5rg2,3c_like_proteinase,SARS-CoV-2,X-RAY DIFFRACTION,0.0,1.63,54.9,,0.1831,0.2283,0.127,,,3.5,99.7
5rgl,../pdb/3c_like_proteinase/SARS-CoV-2/5rgl,3c_like_proteinase,SARS-CoV-2,X-RAY DIFFRACTION,0.0,1.76,55.01,,0.1804,0.2289,0.215,,,3.6,99.7
2amq,../pdb/3c_like_proteinase/SARS-CoV/2amq,3c_like_proteinase,SARS-CoV,X-RAY DIFFRACTION,0.0,2.3,50.0,,0.194,0.23,,1.0,1.0,,98.0
5rek,../pdb/3c_like_proteinase/SARS-CoV-2/5rek,3c_like_proteinase,SARS-CoV-2,X-RAY DIFFRACTION,0.0,1.74,54.95,,0.1827,0.2304,0.176,,,3.6,99.2
3vb7,../pdb/3c_like_proteinase/SARS-CoV/3vb7,3c_like_proteinase,SARS-CoV,X-RAY DIFFRACTION,0.0,1.95,24.614,,0.1875,0.2304,,2.0,2.0,,98.6
5rf5,../pdb/3c_like_proteinase/SARS-CoV-2/5rf5,3c_like_proteinase,SARS-CoV-2,X-RAY DIFFRACTION,0.0,1.74,54.62,,0.1776,0.2306,0.146,,,3.6,99.8
5rgs,../pdb/3c_like_proteinase/SARS-CoV-2/5rgs,3c_like_proteinase,SARS-CoV-2,X-RAY DIFFRACTION,0.0,1.72,54.92,,0.1825,0.2306,0.134,,,3.5,99.5
3vb3,../pdb/3c_like_proteinase/SARS-CoV/3vb3,3c_like_proteinase,SARS-CoV,X-RAY DIFFRACTION,0.0,2.2,27.28,,0.1891,0.2306,,2.0,2.0,,100.0
3ea8,../pdb/3c_like_proteinase/SARS-CoV/3ea8,3c_like_proteinase,SARS-CoV,X-RAY DIFFRACTION,0.0,1.696,42.64,,0.184,0.231,,,,4.58,98.92
1uk4,../pdb/3c_like_proteinase/SARS-CoV/1uk4,3c_like_proteinase,SARS-CoV,X-RAY DIFFRACTION,0.0,2.5,50.0,,0.213,0.231,,2.0,2.0,,97.4
5rep,../pdb/3c_like_proteinase/SARS-CoV-2/5rep,3c_like_proteinase,SARS-CoV-2,X-RAY DIFFRACTION,0.0,1.81,54.72,,0.1783,0.2311,0.158,,,3.6,99.7
2z3e,../pdb/3c_like_proteinase/SARS-CoV/2z3e,3c_like_proteinase,SARS-CoV,X-RAY DIFFRACTION,0.0,2.32,15.47,,0.18746,0.23123,0.061,0.0,0.0,,92.5
3vb5,../pdb/3c_like_proteinase/SARS-CoV/3vb5,3c_like_proteinase,SARS-CoV,X-RAY DIFFRACTION,0.0,1.95,27.2,,0.2045,0.232,,2.0,2.0,,100.0
2z9g,../pdb/3c_like_proteinase/SARS-CoV/2z9g,3c_like_proteinase,SARS-CoV,X-RAY DIFFRACTION,0.0,1.86,30.0,,0.193,0.232,0.039,1.0,0.0,3.5,97.6
5reu,../pdb/3c_like_proteinase/SARS-CoV-2/5reu,3c_like_proteinase,SARS-CoV-2,X-RAY DIFFRACTION,0.0,1.69,54.64,,0.183,0.2323,0.163,,,3.6,99.8
5rfs,../pdb/3c_like_proteinase/SARS-CoV-2/5rfs,3c_like_proteinase,SARS-CoV-2,X-RAY DIFFRACTION,0.0,1.7,54.96,,0.1869,0.2327,0.142,,,3.5,99.2
2gz7,../pdb/3c_like_proteinase/SARS-CoV/2gz7,3c_like_proteinase,SARS-CoV,X-RAY DIFFRACTION,0.0,1.856,30.0,,0.204,0.233,,0.0,0.0,,98.263
3snd,../pdb/3c_like_proteinase/SARS-CoV/3snd,3c_like_proteinase,SARS-CoV,X-RAY DIFFRACTION,0.0,1.89,27.29,,0.1741,0.23477,,-3.0,0.0,,94.5
3tit,../pdb/3c_like_proteinase/SARS-CoV/3tit,3c_like_proteinase,SARS-CoV,X-RAY DIFFRACTION,0.0,1.99,37.71,,0.19226,0.23493,,-3.0,0.0,,94.9
6lu7,../pdb/3c_like_proteinase/SARS-CoV-2/6lu7,3c_like_proteinase,SARS-CoV-2,X-RAY DIFFRACTION,0.0,2.16,42.29,,0.202,0.235,0.189,,,6.6,100.0
3vb4,../pdb/3c_like_proteinase/SARS-CoV/3vb4,3c_like_proteinase,SARS-CoV,X-RAY DIFFRACTION,0.0,2.2,34.1,,0.1817,0.2354,,2.0,2.0,,100.0
3v3m,../pdb/3c_like_proteinase/SARS-CoV/3v3m,3c_like_proteinase,SARS-CoV,X-RAY DIFFRACTION,0.0,1.65,50.0,,0.18894,0.23572,,2.0,2.0,,73.8
5rf1,../pdb/3c_like_proteinase/SARS-CoV-2/5rf1,3c_like_proteinase,SARS-CoV-2,X-RAY DIFFRACTION,0.0,1.73,54.83,,0.1862,0.2361,0.13,,,3.5,99.5
3tiu,../pdb/3c_like_proteinase/SARS-CoV/3tiu,3c_like_proteinase,SARS-CoV,X-RAY DIFFRACTION,0.0,2.08,30.57,,0.18258,0.2362,,-3.0,0.0,,94.9
5r7y,../pdb/3c_like_proteinase/SARS-CoV-2/5r7y,3c_like_proteinase,SARS-CoV-2,X-RAY DIFFRACTION,0.0,1.65,54.79,,0.1794,0.2367,0.113,,,3.4,99.4
5rfh,../pdb/3c_like_proteinase/SARS-CoV-2/5rfh,3c_like_proteinase,SARS-CoV-2,X-RAY DIFFRACTION,0.0,1.58,54.78,,0.1886,0.2368,0.106,,,3.2,98.4
5rft,../pdb/3c_like_proteinase/SARS-CoV-2/5rft,3c_like_proteinase,SARS-CoV-2,X-RAY DIFFRACTION,0.0,1.58,54.94,,0.1953,0.2368,0.121,,,3.2,98.7
5rec,../pdb/3c_like_proteinase/SARS-CoV-2/5rec,3c_like_proteinase,SARS-CoV-2,X-RAY DIFFRACTION,0.0,1.73,54.84,,0.1826,0.2371,0.121,,,3.5,99.6
5rfr,../pdb/3c_like_proteinase/SARS-CoV-2/5rfr,3c_like_proteinase,SARS-CoV-2,X-RAY DIFFRACTION,0.0,1.71,55.06,,0.1853,0.2377,0.131,,,3.5,99.2
2z3c,../pdb/3c_like_proteinase/SARS-CoV/2z3c,3c_like_proteinase,SARS-CoV,X-RAY DIFFRACTION,0.0,1.79,18.37,,0.19049,0.2387,0.078,0.0,0.0,,98.8
5rfn,../pdb/3c_like_proteinase/SARS-CoV-2/5rfn,3c_like_proteinase,SARS-CoV-2,X-RAY DIFFRACTION,0.0,1.8,54.67,,0.1861,0.239,0.172,,,3.6,99.9
1wof,../pdb/3c_like_proteinase/SARS-CoV/1wof,3c_like_proteinase,SARS-CoV,X-RAY DIFFRACTION,0.0,2.0,50.0,,0.201,0.239,,,,,
5rei,../pdb/3c_like_proteinase/SARS-CoV-2/5rei,3c_like_proteinase,SARS-CoV-2,X-RAY DIFFRACTION,0.0,1.82,47.97,,0.1832,0.2401,0.169,,,3.8,99.8
5rej,../pdb/3c_like_proteinase/SARS-CoV-2/5rej,3c_like_proteinase,SARS-CoV-2,X-RAY DIFFRACTION,0.0,1.72,54.88,,0.19,0.2405,0.182,,,3.5,99.5
2gz8,../pdb/3c_like_proteinase/SARS-CoV/2gz8,3c_like_proteinase,SARS-CoV,X-RAY DIFFRACTION,0.0,1.97,30.0,,0.21486,0.24057,,24.09,48.23,,96.939
3sne,../pdb/3c_like_proteinase/SARS-CoV/3sne,3c_like_proteinase,SARS-CoV,X-RAY DIFFRACTION,0.0,2.6,32.21,,0.18815,0.24083,,-3.0,0.0,3.8,99.0
2gt8,../pdb/3c_like_proteinase/SARS-CoV/2gt8,3c_like_proteinase,SARS-CoV,X-RAY DIFFRACTION,0.0,2.0,25.0,,0.17487,0.24092,,,,,99.3
4hi3,../pdb/3c_like_proteinase/SARS-CoV/4hi3,3c_like_proteinase,SARS-CoV,X-RAY DIFFRACTION,0.0,2.09,30.0,,0.18987,0.24138,,,,,94.7
2a5i,../pdb/3c_like_proteinase/SARS-CoV/2a5i,3c_like_proteinase,SARS-CoV,X-RAY DIFFRACTION,0.0,1.88,50.0,,0.19813,0.24224,,0.0,0.0,,96.3
5rfi,../pdb/3c_like_proteinase/SARS-CoV-2/5rfi,3c_like_proteinase,SARS-CoV-2,X-RAY DIFFRACTION,0.0,1.69,54.66,,0.1933,0.2423,0.116,,,3.3,98.5
3ebn,../pdb/3c_like_proteinase/SARS-CoV/3ebn,3c_like_proteinase,SARS-CoV,X-RAY DIFFRACTION,0.0,2.4,50.0,,0.208,0.243,0.051,0.0,0.0,,95.0
3atw,../pdb/3c_like_proteinase/SARS-CoV/3atw,3c_like_proteinase,SARS-CoV,X-RAY DIFFRACTION,0.0,2.3,50.0,,0.20091,0.24335,0.079,-3.0,0.0,2.0,96.7
2amd,../pdb/3c_like_proteinase/SARS-CoV/2amd,3c_like_proteinase,SARS-CoV,X-RAY DIFFRACTION,0.0,1.85,50.0,,0.215,0.245,,1.0,1.0,,99.9
1uk3,../pdb/3c_like_proteinase/SARS-CoV/1uk3,3c_like_proteinase,SARS-CoV,X-RAY DIFFRACTION,0.0,2.4,50.0,,0.229,0.245,,2.0,2.0,,99.3
3tns,../pdb/3c_like_proteinase/SARS-CoV/3tns,3c_like_proteinase,SARS-CoV,X-RAY DIFFRACTION,0.0,1.99,32.68,,0.19677,0.24524,,-3.0,0.0,,94.9
3vb6,../pdb/3c_like_proteinase/SARS-CoV/3vb6,3c_like_proteinase,SARS-CoV,X-RAY DIFFRACTION,0.0,2.5,29.61,,0.1881,0.2453,,2.0,2.0,,99.9
6m03,../pdb/3c_like_proteinase/SARS-CoV-2/6m03,3c_like_proteinase,SARS-CoV-2,X-RAY DIFFRACTION,1.0,1.99,38.648,,0.1962,0.2458,0.039,,,3.47,99.5
3f9f,../pdb/3c_like_proteinase/SARS-CoV/3f9f,3c_like_proteinase,SARS-CoV,X-RAY DIFFRACTION,0.0,2.3,15.0,,0.208,0.246,0.103,,,3.77,99.3
2a5a,../pdb/3c_like_proteinase/SARS-CoV/2a5a,3c_like_proteinase,SARS-CoV,X-RAY DIFFRACTION,0.0,2.08,50.0,,0.19171,0.24638,,0.0,0.0,,95.8
5rem,../pdb/3c_like_proteinase/SARS-CoV-2/5rem,3c_like_proteinase,SARS-CoV-2,X-RAY DIFFRACTION,0.0,1.96,55.33,,0.175,0.2464,0.164,,,3.6,99.8
6y2g,../pdb/3c_like_proteinase/SARS-CoV-2/6y2g,3c_like_proteinase,SARS-CoV-2,X-RAY DIFFRACTION,0.0,2.2,49.84,,0.1862,0.2473,0.17,,,13.1,100.0
5rff,../pdb/3c_like_proteinase/SARS-CoV-2/5rff,3c_like_proteinase,SARS-CoV-2,X-RAY DIFFRACTION,0.0,1.78,54.97,,0.192,0.2474,0.185,,,3.6,99.8
2z9j,../pdb/3c_like_proteinase/SARS-CoV/2z9j,3c_like_proteinase,SARS-CoV,X-RAY DIFFRACTION,0.0,1.95,30.0,,0.194,0.248,0.088,1.0,0.0,3.4,99.6
2gz9,../pdb/3c_like_proteinase/SARS-CoV/2gz9,3c_like_proteinase,SARS-CoV,X-RAY DIFFRACTION,0.0,2.17,20.0,,0.209,0.248,,0.0,0.0,,97.7
2z3d,../pdb/3c_like_proteinase/SARS-CoV/2z3d,3c_like_proteinase,SARS-CoV,X-RAY DIFFRACTION,0.0,2.1,64.55,,0.19812,0.24813,0.07,0.0,0.0,,91.2
5re8,../pdb/3c_like_proteinase/SARS-CoV-2/5re8,3c_like_proteinase,SARS-CoV-2,X-RAY DIFFRACTION,0.0,1.81,55.05,,0.1903,0.2483,0.171,,,3.6,99.8
2gx4,../pdb/3c_like_proteinase/SARS-CoV/2gx4,3c_like_proteinase,SARS-CoV,X-RAY DIFFRACTION,0.0,1.93,50.0,,0.2053,0.2488,,0.0,0.0,4.1,
2a5k,../pdb/3c_like_proteinase/SARS-CoV/2a5k,3c_like_proteinase,SARS-CoV,X-RAY DIFFRACTION,0.0,2.3,50.0,,0.17467,0.24889,,0.0,0.0,,99.2
3ea7,../pdb/3c_like_proteinase/SARS-CoV/3ea7,3c_like_proteinase,SARS-CoV,X-RAY DIFFRACTION,0.0,2.5,50.0,,0.178,0.249,0.086,,,3.2,95.5
1q2w,../pdb/3c_like_proteinase/SARS-CoV/1q2w,3c_like_proteinase,SARS-CoV,X-RAY DIFFRACTION,0.0,1.86,26.3,,0.194,0.249,0.075,1.0,,13.7,98.2
5r81,../pdb/3c_like_proteinase/SARS-CoV-2/5r81,3c_like_proteinase,SARS-CoV-2,X-RAY DIFFRACTION,0.0,1.84,55.68,,0.182,0.2494,0.162,,,3.7,99.9
3snb,../pdb/3c_like_proteinase/SARS-CoV/3snb,3c_like_proteinase,SARS-CoV,X-RAY DIFFRACTION,0.0,2.4,32.32,,0.20855,0.25005,,-3.0,0.0,2.8,91.3
5re6,../pdb/3c_like_proteinase/SARS-CoV-2/5re6,3c_like_proteinase,SARS-CoV-2,X-RAY DIFFRACTION,0.0,1.87,47.57,,0.1857,0.2505,0.23,,,3.8,99.8
5rex,../pdb/3c_like_proteinase/SARS-CoV-2/5rex,3c_like_proteinase,SARS-CoV-2,X-RAY DIFFRACTION,0.0,2.07,55.01,,0.1749,0.2507,0.137,,,3.6,99.8
5n5o,../pdb/3c_like_proteinase/SARS-CoV/5n5o,3c_like_proteinase,SARS-CoV,X-RAY DIFFRACTION,0.0,2.0,43.83,,0.19222,0.25152,0.06,,,3.3,98.3
5rer,../pdb/3c_like_proteinase/SARS-CoV-2/5rer,3c_like_proteinase,SARS-CoV-2,X-RAY DIFFRACTION,0.0,1.88,54.91,,0.1872,0.2526,0.211,,,3.6,99.8
1uk2,../pdb/3c_like_proteinase/SARS-CoV/1uk2,3c_like_proteinase,SARS-CoV,X-RAY DIFFRACTION,0.0,2.2,50.0,,0.226,0.253,,2.0,2.0,,100.0
5b6o,../pdb/3c_like_proteinase/SARS-CoV/5b6o,3c_like_proteinase,SARS-CoV,X-RAY DIFFRACTION,0.0,2.2,50.0,,0.2064,0.2536,,-3.0,,7.846,97.9
2vj1,../pdb/3c_like_proteinase/SARS-CoV/2vj1,3c_like_proteinase,SARS-CoV,X-RAY DIFFRACTION,0.0,2.25,39.27,,0.183,0.256,0.07,2.0,,3.2,99.7
3e91,../pdb/3c_like_proteinase/SARS-CoV/3e91,3c_like_proteinase,SARS-CoV,X-RAY DIFFRACTION,0.0,2.43,50.0,,0.179,0.256,0.077,,,3.5,95.7
3sna,../pdb/3c_like_proteinase/SARS-CoV/3sna,3c_like_proteinase,SARS-CoV,X-RAY DIFFRACTION,0.0,3.05,64.56,,0.19004,0.2563,,-3.0,0.0,,99.9
3m3s,../pdb/3c_like_proteinase/SARS-CoV/3m3s,3c_like_proteinase,SARS-CoV,X-RAY DIFFRACTION,0.0,2.3,66.678,,0.1959,0.257,0.111,,,5.73,99.9
2bx3,../pdb/3c_like_proteinase/SARS-CoV/2bx3,3c_like_proteinase,SARS-CoV,X-RAY DIFFRACTION,0.0,2.0,40.82,,0.175,0.257,0.15,2.0,,15.6,100.0
3eaj,../pdb/3c_like_proteinase/SARS-CoV/3eaj,3c_like_proteinase,SARS-CoV,X-RAY DIFFRACTION,0.0,2.2,50.0,,0.201,0.257,0.068,,,5.9,89.4
6y7m,../pdb/3c_like_proteinase/SARS-CoV-2/6y7m,3c_like_proteinase,SARS-CoV-2,X-RAY DIFFRACTION,1.0,1.9,43.67,,0.2062,0.2576,0.048,,,3.9,99.4
1uj1,../pdb/3c_like_proteinase/SARS-CoV/1uj1,3c_like_proteinase,SARS-CoV,X-RAY DIFFRACTION,0.0,1.9,50.0,,0.211,0.259,,2.0,2.0,,99.6
2z9l,../pdb/3c_like_proteinase/SARS-CoV/2z9l,3c_like_proteinase,SARS-CoV,X-RAY DIFFRACTION,0.0,2.1,30.0,,0.196,0.259,0.091,1.0,0.0,3.0,98.2
3ea9,../pdb/3c_like_proteinase/SARS-CoV/3ea9,3c_like_proteinase,SARS-CoV,X-RAY DIFFRACTION,0.0,2.3,50.0,,0.199,0.261,,,,10.4,
4tww,../pdb/3c_like_proteinase/SARS-CoV/4tww,3c_like_proteinase,SARS-CoV,X-RAY DIFFRACTION,0.0,2.41,50.0,,0.2317,0.261,0.046,,,1.75,92.7
3avz,../pdb/3c_like_proteinase/SARS-CoV/3avz,3c_like_proteinase,SARS-CoV,X-RAY DIFFRACTION,0.0,2.46,50.0,,0.22125,0.26261,0.122,-3.0,0.0,7.4,97.4
3aw1,../pdb/3c_like_proteinase/SARS-CoV/3aw1,3c_like_proteinase,SARS-CoV,X-RAY DIFFRACTION,0.0,2.0,30.0,,0.22371,0.26266,0.038,-3.0,0.0,3.8,97.2
2zu4,../pdb/3c_like_proteinase/SARS-CoV/2zu4,3c_like_proteinase,SARS-CoV,X-RAY DIFFRACTION,0.0,1.93,50.0,,0.235,0.264,0.064,1.0,,7.0,95.1
2c3s,../pdb/3c_like_proteinase/SARS-CoV/2c3s,3c_like_proteinase,SARS-CoV,X-RAY DIFFRACTION,0.0,1.9,54.0,,0.2256,0.2643,0.08,2.0,,8.0,98.2
5re5,../pdb/3c_like_proteinase/SARS-CoV-2/5re5,3c_like_proteinase,SARS-CoV-2,X-RAY DIFFRACTION,0.0,2.07,55.0,,0.1811,0.2649,0.259,,,3.7,99.9
5r83,../pdb/3c_like_proteinase/SARS-CoV-2/5r83,3c_like_proteinase,SARS-CoV-2,X-RAY DIFFRACTION,0.0,1.58,54.65,,0.2327,0.2652,0.1,,,3.4,99.6
5re4,../pdb/3c_like_proteinase/SARS-CoV-2/5re4,3c_like_proteinase,SARS-CoV-2,X-RAY DIFFRACTION,0.0,1.89,54.62,,0.1991,0.2664,0.228,,,3.5,99.5
2q6g,../pdb/3c_like_proteinase/SARS-CoV/2q6g,3c_like_proteinase,SARS-CoV,X-RAY DIFFRACTION,0.0,2.4,50.0,,0.199,0.267,0.106,0.0,,3.3,99.8
2gtb,../pdb/3c_like_proteinase/SARS-CoV/2gtb,3c_like_proteinase,SARS-CoV,X-RAY DIFFRACTION,0.0,2.0,25.0,,0.19644,0.26971,,,,,99.8
3sn8,../pdb/3c_like_proteinase/SARS-CoV/3sn8,3c_like_proteinase,SARS-CoV,X-RAY DIFFRACTION,0.0,1.99,32.82,,0.21715,0.27047,,-3.0,0.0,,99.7
5c5o,../pdb/3c_like_proteinase/SARS-CoV/5c5o,3c_like_proteinase,SARS-CoV,X-RAY DIFFRACTION,0.0,1.5,50.0,,0.2467,0.2714,0.058,,,2.2,95.5
3iwm,../pdb/3c_like_proteinase/SARS-CoV/3iwm,3c_like_proteinase,SARS-CoV,X-RAY DIFFRACTION,0.0,3.2,50.0,,0.2204,0.2721,0.155,,0.0,22.6,97.0
3m3t,../pdb/3c_like_proteinase/SARS-CoV/3m3t,3c_like_proteinase,SARS-CoV,X-RAY DIFFRACTION,0.0,2.8,50.0,,0.1851,0.2732,0.09,,,6.1,95.7
3m3v,../pdb/3c_like_proteinase/SARS-CoV/3m3v,3c_like_proteinase,SARS-CoV,X-RAY DIFFRACTION,0.0,2.1,50.0,,0.2005,0.2736,0.089,,,3.6,99.9
2qiq,../pdb/3c_like_proteinase/SARS-CoV/2qiq,3c_like_proteinase,SARS-CoV,X-RAY DIFFRACTION,0.0,1.9,20.0,,0.233,0.275,,,,,
5r80,../pdb/3c_like_proteinase/SARS-CoV-2/5r80,3c_like_proteinase,SARS-CoV-2,X-RAY DIFFRACTION,0.0,1.92,55.0,,0.2216,0.2757,0.113,,,3.5,98.6
5r7z,../pdb/3c_like_proteinase/SARS-CoV-2/5r7z,3c_like_proteinase,SARS-CoV-2,X-RAY DIFFRACTION,0.0,1.59,54.73,,0.2447,0.2765,0.096,,,3.4,99.3
5rfy,../pdb/3c_like_proteinase/SARS-CoV-2/5rfy,3c_like_proteinase,SARS-CoV-2,X-RAY DIFFRACTION,0.0,1.9,54.5,,0.2098,0.2767,0.24,,,3.6,99.3
3fzd,../pdb/3c_like_proteinase/SARS-CoV/3fzd,3c_like_proteinase,SARS-CoV,X-RAY DIFFRACTION,0.0,2.35,50.0,,0.214,0.277,0.073,0.0,0.0,5.3,99.9
5rfo,../pdb/3c_like_proteinase/SARS-CoV-2/5rfo,3c_like_proteinase,SARS-CoV-2,X-RAY DIFFRACTION,0.0,1.83,54.53,,0.2049,0.2775,0.235,,,3.6,99.9
5ren,../pdb/3c_like_proteinase/SARS-CoV-2/5ren,3c_like_proteinase,SARS-CoV-2,X-RAY DIFFRACTION,0.0,2.14,55.1,,0.1738,0.2779,0.277,,,3.3,99.2
3snc,../pdb/3c_like_proteinase/SARS-CoV/3snc,3c_like_proteinase,SARS-CoV,X-RAY DIFFRACTION,0.0,2.58,26.58,,0.2154,0.28037,,-3.0,0.0,,96.7
2qc2,../pdb/3c_like_proteinase/SARS-CoV/2qc2,3c_like_proteinase,SARS-CoV,X-RAY DIFFRACTION,0.0,2.66,25.0,,0.206,0.281,0.042,,,3.5,99.5
2d2d,../pdb/3c_like_proteinase/SARS-CoV/2d2d,3c_like_proteinase,SARS-CoV,X-RAY DIFFRACTION,0.0,2.7,50.0,,0.209,0.282,,,,,
3aw0,../pdb/3c_like_proteinase/SARS-CoV/3aw0,3c_like_proteinase,SARS-CoV,X-RAY DIFFRACTION,0.0,2.3,50.0,,0.22479,0.28636,0.082,-3.0,0.0,7.3,99.9
1z1i,../pdb/3c_like_proteinase/SARS-CoV/1z1i,3c_like_proteinase,SARS-CoV,X-RAY DIFFRACTION,0.0,,,,0.241,0.288,,,,,
5r84,../pdb/3c_like_proteinase/SARS-CoV-2/5r84,3c_like_proteinase,SARS-CoV-2,X-RAY DIFFRACTION,0.0,1.83,55.4,,0.2167,0.2926,0.14,,,3.7,99.7
3f9h,../pdb/3c_like_proteinase/SARS-CoV/3f9h,3c_like_proteinase,SARS-CoV,X-RAY DIFFRACTION,0.0,2.9,15.0,,0.232,0.294,0.189,,,3.47,98.4
2pwx,../pdb/3c_like_proteinase/SARS-CoV/2pwx,3c_like_proteinase,SARS-CoV,X-RAY DIFFRACTION,0.0,2.5,19.66,,0.244,0.296,0.144,,,4.59,98.9
5rfp,../pdb/3c_like_proteinase/SARS-CoV-2/5rfp,3c_like_proteinase,SARS-CoV-2,X-RAY DIFFRACTION,0.0,2.03,48.41,,0.2067,0.2968,0.297,,,3.8,99.8
1z1j,../pdb/3c_like_proteinase/SARS-CoV/1z1j,3c_like_proteinase,SARS-CoV,X-RAY DIFFRACTION,0.0,,,,0.2139,0.2989,,,,,
4wy3,../pdb/3c_like_proteinase/SARS-CoV/4wy3,3c_like_proteinase,SARS-CoV,X-RAY DIFFRACTION,0.0,1.7,50.0,,0.27367,0.29891,0.074,,,4.1,99.0
2bx4,../pdb/3c_like_proteinase/SARS-CoV/2bx4,3c_like_proteinase,SARS-CoV,X-RAY DIFFRACTION,0.0,2.79,108.0,,0.208,0.302,0.07,2.0,,6.9,98.1
3f9g,../pdb/3c_like_proteinase/SARS-CoV/3f9g,3c_like_proteinase,SARS-CoV,X-RAY DIFFRACTION,0.0,2.6,15.0,,0.232,0.306,0.155,,,3.35,95.7
5rfg,../pdb/3c_like_proteinase/SARS-CoV-2/5rfg,3c_like_proteinase,SARS-CoV-2,X-RAY DIFFRACTION,0.0,2.32,55.23,,0.2121,0.3065,0.361,,,3.7,99.8
3f9e,../pdb/3c_like_proteinase/SARS-CoV/3f9e,3c_like_proteinase,SARS-CoV,X-RAY DIFFRACTION,0.0,2.5,15.0,,0.252,0.308,0.135,,,3.61,98.7
2alv,../pdb/3c_like_proteinase/SARS-CoV/2alv,3c_like_proteinase,SARS-CoV,X-RAY DIFFRACTION,0.0,1.89,100.0,,0.255,0.315,0.038,0.0,,,98.6
4twy,../pdb/3c_like_proteinase/SARS-CoV/4twy,3c_like_proteinase,SARS-CoV,X-RAY DIFFRACTION,0.0,1.6,50.0,,0.2901,0.3187,0.076,,,4.2,97.0
5c5n,../pdb/3c_like_proteinase/SARS-CoV/5c5n,3c_like_proteinase,SARS-CoV,X-RAY DIFFRACTION,0.0,1.65,50.0,,0.28999,0.32142,,,,4.0,99.5
3d62,../pdb/3c_like_proteinase/SARS-CoV/3d62,3c_like_proteinase,SARS-CoV,X-RAY DIFFRACTION,0.0,2.7,50.0,,0.259,0.363,,0.0,0.0,5.0,98.8
6w01,../pdb/endornase/SARS-CoV/6w01,endornase,SARS-CoV,X-RAY DIFFRACTION,0.0,1.9,50.0,,0.1605,0.1849,0.112,,,5.3,99.3
2h85,../pdb/endornase/SARS-CoV/2h85,endornase,SARS-CoV,X-RAY DIFFRACTION,0.0,2.6,52.0,,0.20758,0.24008,0.169,,,11.8,98.9
2rhb,../pdb/endornase/SARS-CoV/2rhb,endornase,SARS-CoV,X-RAY DIFFRACTION,0.0,2.8,152.5,,0.19788,0.25953,,0.0,,,91.9
2ozk,../pdb/endornase/SARS-CoV/2ozk,endornase,SARS-CoV,X-RAY DIFFRACTION,0.0,2.9,85.75,,0.24337,0.30068,0.085,0.0,0.0,2.9,98.1
6vww,../pdb/exonuclease/SARS-CoV-2/6vww,exonuclease,SARS-CoV-2,X-RAY DIFFRACTION,1.0,2.2,50.0,,0.1577,0.1777,0.174,,,5.1,98.5
5nfy,../pdb/exonuclease/SARS-CoV/5nfy,exonuclease,SARS-CoV,X-RAY DIFFRACTION,1.0,3.382,94.893,,0.1926,0.2349,0.129,,,9.0,99.6
6jyt,../pdb/helicase/SARS-CoV/6jyt,helicase,SARS-CoV,X-RAY DIFFRACTION,1.0,2.69,50.0,,0.2375,0.2925,0.14,,,10.58,100.0
3hha,../pdb/human_interaction_partners/Cathepsin_L/3hha,human_interaction_partners,Cathepsin_L,X-RAY DIFFRACTION,0.0,1.27,44.28,,0.11632,0.15237,0.034,0.0,0.0,1.5,85.6
2xu3,../pdb/human_interaction_partners/Cathepsin_L/2xu3,human_interaction_partners,Cathepsin_L,X-RAY DIFFRACTION,0.0,0.9,50.0,,0.14183,0.15473,0.08,-3.0,,3.32,98.1
2xu4,../pdb/human_interaction_partners/Cathepsin_L/2xu4,human_interaction_partners,Cathepsin_L,X-RAY DIFFRACTION,0.0,1.1,50.0,,0.14036,0.16725,0.07,-3.0,,10.14,100.0
5maj,../pdb/human_interaction_partners/Cathepsin_L/5maj,human_interaction_partners,Cathepsin_L,X-RAY DIFFRACTION,0.0,1.0,45.51,,0.13639,0.16999,,,,6.06,96.1
6h5w,../pdb/human_interaction_partners/ACE2/6h5w,human_interaction_partners,ACE2,X-RAY DIFFRACTION,0.0,1.37,85.13,,0.1452,0.1753,,,,49.3,100.0
2yj2,../pdb/human_interaction_partners/Cathepsin_L/2yj2,human_interaction_partners,Cathepsin_L,X-RAY DIFFRACTION,0.0,1.12,50.0,,0.14535,0.17855,0.06,-3.0,,6.05,96.1
5amb,../pdb/human_interaction_partners/ACE2/5amb,human_interaction_partners,ACE2,X-RAY DIFFRACTION,0.0,1.5,29.6,,0.1575,0.18115,0.04,0.0,,1.6,83.3
2yj8,../pdb/human_interaction_partners/Cathepsin_L/2yj8,human_interaction_partners,Cathepsin_L,X-RAY DIFFRACTION,0.0,1.3,50.0,,0.14055,0.18159,0.08,-3.0,,6.59,99.8
5mae,../pdb/human_interaction_partners/Cathepsin_L/5mae,human_interaction_partners,Cathepsin_L,X-RAY DIFFRACTION,0.0,1.0,45.0,,0.14722,0.18213,,,,6.12,99.6
2yjc,../pdb/human_interaction_partners/Cathepsin_L/2yjc,human_interaction_partners,Cathepsin_L,X-RAY DIFFRACTION,0.0,1.14,50.0,,0.14546,0.18362,0.05,-3.0,,6.26,99.8
5i4h,../pdb/human_interaction_partners/Cathepsin_L/5i4h,human_interaction_partners,Cathepsin_L,X-RAY DIFFRACTION,0.0,1.419,38.7,,0.1626,0.1841,0.05287,-3.0,,9.1,95.39
6f9t,../pdb/human_interaction_partners/ACE2/6f9t,human_interaction_partners,ACE2,X-RAY DIFFRACTION,0.0,1.6,84.76,,0.1647,0.187,,,,5.0,98.8
2nqd,../pdb/human_interaction_partners/Cathepsin_L/2nqd,human_interaction_partners,Cathepsin_L,X-RAY DIFFRACTION,0.0,1.74,63.25,,0.148,0.188,0.061,-3.0,0.0,3.6,98.9
5f02,../pdb/human_interaction_partners/Cathepsin_L/5f02,human_interaction_partners,Cathepsin_L,X-RAY DIFFRACTION,0.0,1.43,45.78,,0.1432,0.19057,,,,6.45,99.9
6en5,../pdb/human_interaction_partners/ACE2/6en5,human_interaction_partners,ACE2,X-RAY DIFFRACTION,0.0,1.75,102.11,,0.1728,0.1976,0.11,,,6.9,97.2
5mqy,../pdb/human_interaction_partners/Cathepsin_L/5mqy,human_interaction_partners,Cathepsin_L,X-RAY DIFFRACTION,0.0,1.13,39.26,,0.14869,0.19898,0.0428,,,6.15,99.8
2yj9,../pdb/human_interaction_partners/Cathepsin_L/2yj9,human_interaction_partners,Cathepsin_L,X-RAY DIFFRACTION,0.0,1.35,50.0,,0.15033,0.20091,0.08,-3.0,,6.44,96.3
6h5x,../pdb/human_interaction_partners/ACE2/6h5x,human_interaction_partners,ACE2,X-RAY DIFFRACTION,0.0,1.8,74.0,,0.1644,0.2038,,,,13.6,97.4
3kse,../pdb/human_interaction_partners/Cathepsin_L/3kse,human_interaction_partners,Cathepsin_L,X-RAY DIFFRACTION,0.0,1.69,50.0,,0.153,0.204,0.04,1.0,1.0,2.0,95.2
6f9u,../pdb/human_interaction_partners/ACE2/6f9u,human_interaction_partners,ACE2,X-RAY DIFFRACTION,0.0,1.9,85.86,,0.1672,0.2088,,,,25.0,100.0
1uze,../pdb/human_interaction_partners/ACE2/1uze,human_interaction_partners,ACE2,X-RAY DIFFRACTION,0.0,1.82,50.0,,0.188,0.211,0.089,2.0,,8.0,99.0
6f9v,../pdb/human_interaction_partners/ACE2/6f9v,human_interaction_partners,ACE2,X-RAY DIFFRACTION,0.0,1.69,74.35,,0.1834,0.2121,,,,6.9,97.2
1icf,../pdb/human_interaction_partners/Cathepsin_L/1icf,human_interaction_partners,Cathepsin_L,X-RAY DIFFRACTION,0.0,2.0,99.0,,0.182,0.213,,1.0,,3.16,97.0
4ca5,../pdb/human_interaction_partners/ACE2/4ca5,human_interaction_partners,ACE2,X-RAY DIFFRACTION,0.0,1.85,71.75,,0.18057,0.21344,0.09,0.0,,4.0,94.9
4c2o,../pdb/human_interaction_partners/ACE2/4c2o,human_interaction_partners,ACE2,X-RAY DIFFRACTION,0.0,1.8,44.6,,0.18186,0.21348,0.12,0.0,,4.3,95.3
6jd0,../pdb/human_interaction_partners/Cathepsin_L/6jd0,human_interaction_partners,Cathepsin_L,X-RAY DIFFRACTION,0.0,1.8,50.0,,0.1713,0.2148,0.056,,,4.7,96.8
6lzg,../pdb/human_interaction_partners/ACE2/6lzg,human_interaction_partners,ACE2,X-RAY DIFFRACTION,0.0,2.5,50.0,,0.1884,0.2156,0.129,2.0,2.0,21.6,100.0
5ama,../pdb/human_interaction_partners/ACE2/5ama,human_interaction_partners,ACE2,X-RAY DIFFRACTION,0.0,1.8,33.42,,0.18675,0.21764,0.06,0.0,,1.6,93.6
2yjb,../pdb/human_interaction_partners/Cathepsin_L/2yjb,human_interaction_partners,Cathepsin_L,X-RAY DIFFRACTION,0.0,1.4,50.0,,0.15887,0.21779,0.1,-3.0,,5.99,95.5
4bxk,../pdb/human_interaction_partners/ACE2/4bxk,human_interaction_partners,ACE2,X-RAY DIFFRACTION,0.0,2.2,29.67,,0.18653,0.21965,0.12,0.0,,3.9,91.4
2vhs,../pdb/human_interaction_partners/Cathepsin_L/2vhs,human_interaction_partners,Cathepsin_L,X-RAY DIFFRACTION,0.0,1.5,63.0,,0.188,0.22,0.04,0.0,,1.9,92.0
1o8a,../pdb/human_interaction_partners/ACE2/1o8a,human_interaction_partners,ACE2,X-RAY DIFFRACTION,0.0,2.0,50.0,,0.18,0.22,0.081,,,7.1,98.8
1o86,../pdb/human_interaction_partners/ACE2/1o86,human_interaction_partners,ACE2,X-RAY DIFFRACTION,0.0,2.0,50.0,,0.18,0.22,0.058,,,2.0,95.9
2iul,../pdb/human_interaction_partners/ACE2/2iul,human_interaction_partners,ACE2,X-RAY DIFFRACTION,0.0,2.0,50.0,,0.18,0.22,0.06,2.0,,12.4,96.2
4ca6,../pdb/human_interaction_partners/ACE2/4ca6,human_interaction_partners,ACE2,X-RAY DIFFRACTION,0.0,1.91,29.7,,0.18675,0.22296,0.06,0.0,,3.5,96.4
5am8,../pdb/human_interaction_partners/ACE2/5am8,human_interaction_partners,ACE2,X-RAY DIFFRACTION,0.0,1.9,113.8,,0.18543,0.22382,0.07,0.0,,1.6,93.0
6en6,../pdb/human_interaction_partners/ACE2/6en6,human_interaction_partners,ACE2,X-RAY DIFFRACTION,0.0,1.8,101.89,,0.1934,0.2263,0.135,,,6.7,97.3
6m0j,../pdb/human_interaction_partners/ACE2/6m0j,human_interaction_partners,ACE2,X-RAY DIFFRACTION,0.0,2.45,95.18,,0.192,0.2269,0.12,,,26.1,100.0
1uzf,../pdb/human_interaction_partners/ACE2/1uzf,human_interaction_partners,ACE2,X-RAY DIFFRACTION,0.0,2.0,50.0,,0.184,0.227,0.092,2.0,,3.0,82.8
6f9r,../pdb/human_interaction_partners/ACE2/6f9r,human_interaction_partners,ACE2,X-RAY DIFFRACTION,0.0,1.85,56.01,,0.1984,0.228,,,,4.3,98.4
4ufa,../pdb/human_interaction_partners/ACE2/4ufa,human_interaction_partners,ACE2,X-RAY DIFFRACTION,0.0,1.8,35.2,,0.20232,0.22822,0.11,0.0,,3.2,90.4
1cs8,../pdb/human_interaction_partners/Cathepsin_L/1cs8,human_interaction_partners,Cathepsin_L,X-RAY DIFFRACTION,0.0,1.8,45.0,,0.2066,0.2285,0.044,1.0,,3.2,93.9
6vw1,../pdb/human_interaction_partners/ACE2/6vw1,human_interaction_partners,ACE2,X-RAY DIFFRACTION,0.0,2.68,118.03,,0.197,0.2288,0.081,,,3.9,96.7
5am9,../pdb/human_interaction_partners/ACE2/5am9,human_interaction_partners,ACE2,X-RAY DIFFRACTION,0.0,1.8,31.47,,0.19674,0.22907,0.12,0.0,,3.2,97.0
1mhw,../pdb/human_interaction_partners/Cathepsin_L/1mhw,human_interaction_partners,Cathepsin_L,X-RAY DIFFRACTION,0.0,1.9,50.0,,0.1846,0.2295,,0.0,0.0,4.0,92.1
4axl,../pdb/human_interaction_partners/Cathepsin_L/4axl,human_interaction_partners,Cathepsin_L,X-RAY DIFFRACTION,0.0,1.92,48.15,,0.18843,0.2303,0.13,-3.0,,17.88,100.0
2xy9,../pdb/human_interaction_partners/ACE2/2xy9,human_interaction_partners,ACE2,X-RAY DIFFRACTION,0.0,1.97,50.0,,0.19889,0.2318,0.07,2.0,,4.0,97.8
6qs1,../pdb/human_interaction_partners/ACE2/6qs1,human_interaction_partners,ACE2,X-RAY DIFFRACTION,0.0,1.8,74.05,,0.2016,0.2323,,,,10.1,98.7
6ezp,../pdb/human_interaction_partners/Cathepsin_L/6ezp,human_interaction_partners,Cathepsin_L,X-RAY DIFFRACTION,0.0,1.37,40.32,,0.21086,0.23336,0.19,,,3.2,92.5
3bc3,../pdb/human_interaction_partners/Cathepsin_L/3bc3,human_interaction_partners,Cathepsin_L,X-RAY DIFFRACTION,0.0,2.2,50.0,,0.183,0.234,,,,,
4ufb,../pdb/human_interaction_partners/ACE2/4ufb,human_interaction_partners,ACE2,X-RAY DIFFRACTION,0.0,1.8,30.3,,0.20671,0.2351,0.1,0.0,,3.2,97.2
6jd8,../pdb/human_interaction_partners/Cathepsin_L/6jd8,human_interaction_partners,Cathepsin_L,X-RAY DIFFRACTION,0.0,1.457,50.0,,0.1916,0.2369,0.084,,,6.3,94.4
2iux,../pdb/human_interaction_partners/ACE2/2iux,human_interaction_partners,ACE2,X-RAY DIFFRACTION,0.0,2.8,50.0,,0.2006,0.2369,0.11,2.0,,39.0,83.6
3nxq,../pdb/human_interaction_partners/ACE2/3nxq,human_interaction_partners,ACE2,X-RAY DIFFRACTION,0.0,1.99,50.0,,0.19398,0.23719,,,,,
4c2r,../pdb/human_interaction_partners/ACE2/4c2r,human_interaction_partners,ACE2,X-RAY DIFFRACTION,0.0,2.3,28.8,,0.20126,0.23783,0.1,0.0,,4.9,94.2
3bkl,../pdb/human_interaction_partners/ACE2/3bkl,human_interaction_partners,ACE2,X-RAY DIFFRACTION,0.0,2.18,43.0,,0.2,0.24,0.109,,,3.8,95.0
4aph,../pdb/human_interaction_partners/ACE2/4aph,human_interaction_partners,ACE2,X-RAY DIFFRACTION,0.0,1.99,52.53,,0.19406,0.24026,0.11,0.0,,4.7,82.9
1cjl,../pdb/human_interaction_partners/Cathepsin_L/1cjl,human_interaction_partners,Cathepsin_L,X-RAY DIFFRACTION,0.0,2.2,40.79,,0.182,0.241,0.069,1.0,,3.3,77.9
5amc,../pdb/human_interaction_partners/ACE2/5amc,human_interaction_partners,ACE2,X-RAY DIFFRACTION,0.0,1.65,30.81,,0.20772,0.24169,0.08,0.0,,3.0,91.8
3iv2,../pdb/human_interaction_partners/Cathepsin_L/3iv2,human_interaction_partners,Cathepsin_L,X-RAY DIFFRACTION,0.0,2.2,25.0,,0.2021,0.24376,,,,5.2,99.2
4c2q,../pdb/human_interaction_partners/ACE2/4c2q,human_interaction_partners,ACE2,X-RAY DIFFRACTION,0.0,2.4,66.8,,0.18826,0.2451,0.13,0.0,,4.3,99.2
4c2p,../pdb/human_interaction_partners/ACE2/4c2p,human_interaction_partners,ACE2,X-RAY DIFFRACTION,0.0,1.99,52.8,,0.21124,0.2467,0.1,0.0,,5.4,89.2
3of9,../pdb/human_interaction_partners/Cathepsin_L/3of9,human_interaction_partners,Cathepsin_L,X-RAY DIFFRACTION,0.0,1.7,50.0,,0.2244,0.2494,,1.0,1.0,,95.0
3h8b,../pdb/human_interaction_partners/Cathepsin_L/3h8b,human_interaction_partners,Cathepsin_L,X-RAY DIFFRACTION,0.0,1.79,50.0,,0.216,0.25,,,,,
3bkk,../pdb/human_interaction_partners/ACE2/3bkk,human_interaction_partners,ACE2,X-RAY DIFFRACTION,0.0,2.1,43.0,,0.202,0.251,0.091,,,4.6,87.1
4bzr,../pdb/human_interaction_partners/ACE2/4bzr,human_interaction_partners,ACE2,X-RAY DIFFRACTION,0.0,1.85,70.0,,0.21423,0.25182,0.12,0.0,,2.7,93.3
3of8,../pdb/human_interaction_partners/Cathepsin_L/3of8,human_interaction_partners,Cathepsin_L,X-RAY DIFFRACTION,0.0,2.2,50.0,,0.1939,0.253,,1.0,,,86.0
2xyd,../pdb/human_interaction_partners/ACE2/2xyd,human_interaction_partners,ACE2,X-RAY DIFFRACTION,0.0,2.15,50.0,,0.21991,0.25589,0.07,2.0,,2.5,97.0
4apj,../pdb/human_interaction_partners/ACE2/4apj,human_interaction_partners,ACE2,X-RAY DIFFRACTION,0.0,2.6,71.82,,0.21518,0.25611,0.13,0.0,,4.8,97.7
4axm,../pdb/human_interaction_partners/Cathepsin_L/4axm,human_interaction_partners,Cathepsin_L,X-RAY DIFFRACTION,0.0,2.72,48.7,,0.18777,0.25716,0.19,-3.0,,6.72,99.8
2oc2,../pdb/human_interaction_partners/ACE2/2oc2,human_interaction_partners,ACE2,X-RAY DIFFRACTION,0.0,2.25,20.0,,0.215,0.262,,0.0,,,72.2
2ydm,../pdb/human_interaction_partners/ACE2/2ydm,human_interaction_partners,ACE2,X-RAY DIFFRACTION,0.0,2.4,132.3,,0.21431,0.26261,0.09,0.0,,5.0,97.4
4c2n,../pdb/human_interaction_partners/ACE2/4c2n,human_interaction_partners,ACE2,X-RAY DIFFRACTION,0.0,2.59,28.6,,0.20768,0.2631,0.12,0.0,,4.0,96.0
3l3n,../pdb/human_interaction_partners/ACE2/3l3n,human_interaction_partners,ACE2,X-RAY DIFFRACTION,0.0,2.3,43.0,,0.226,0.266,0.087,,,3.2,89.9
3k24,../pdb/human_interaction_partners/Cathepsin_L/3k24,human_interaction_partners,Cathepsin_L,X-RAY DIFFRACTION,0.0,2.5,40.0,,0.20926,0.27002,,2.0,,7.2,93.5
5ek0,../pdb/human_interaction_partners/TCP2/5ek0,human_interaction_partners,TCP2,X-RAY DIFFRACTION,0.0,3.53,26.59,,0.2427,0.2719,0.149,,,9.0,99.6
2xu1,../pdb/human_interaction_partners/Cathepsin_L/2xu1,human_interaction_partners,Cathepsin_L,X-RAY DIFFRACTION,0.0,1.45,50.0,,0.23367,0.27217,0.12,-3.0,,2.28,95.4
2c6f,../pdb/human_interaction_partners/ACE2/2c6f,human_interaction_partners,ACE2,X-RAY DIFFRACTION,0.0,3.0,48.5,,0.224,0.273,0.14,2.0,,4.9,99.8
6f06,../pdb/human_interaction_partners/Cathepsin_L/6f06,human_interaction_partners,Cathepsin_L,X-RAY DIFFRACTION,0.0,2.02,42.48,,0.20118,0.27428,0.127,,,3.4,98.3
2ajf,../pdb/human_interaction_partners/ACE2/2ajf,human_interaction_partners,ACE2,X-RAY DIFFRACTION,0.0,2.8,47.4,,0.218,0.275,,,,6.9,93.1
2xu5,../pdb/human_interaction_partners/Cathepsin_L/2xu5,human_interaction_partners,Cathepsin_L,X-RAY DIFFRACTION,0.0,1.52,50.0,,0.21691,0.27583,0.06,-3.0,,6.45,99.9
4bzs,../pdb/human_interaction_partners/ACE2/4bzs,human_interaction_partners,ACE2,X-RAY DIFFRACTION,0.0,2.1,74.0,,0.23314,0.27681,0.08,0.0,,1.8,84.0
3scj,../pdb/human_interaction_partners/ACE2/3scj,human_interaction_partners,ACE2,X-RAY DIFFRACTION,0.0,3.0,50.0,,0.22961,0.27771,,2.0,2.0,,95.1
3d0i,../pdb/human_interaction_partners/ACE2/3d0i,human_interaction_partners,ACE2,X-RAY DIFFRACTION,0.0,2.9,50.0,,0.224,0.278,,,,,
3d0g,../pdb/human_interaction_partners/ACE2/3d0g,human_interaction_partners,ACE2,X-RAY DIFFRACTION,0.0,2.8,50.0,,0.214,0.279,,,,,
3h89,../pdb/human_interaction_partners/Cathepsin_L/3h89,human_interaction_partners,Cathepsin_L,X-RAY DIFFRACTION,0.0,2.43,50.0,,0.22,0.28,,,,,
3sci,../pdb/human_interaction_partners/ACE2/3sci,human_interaction_partners,ACE2,X-RAY DIFFRACTION,0.0,2.9,50.0,,0.22587,0.28264,,2.0,2.0,,93.4
3sck,../pdb/human_interaction_partners/ACE2/3sck,human_interaction_partners,ACE2,X-RAY DIFFRACTION,0.0,3.0,50.0,,0.2392,0.28529,,2.0,2.0,,91.7
1r42,../pdb/human_interaction_partners/ACE2/1r42,human_interaction_partners,ACE2,X-RAY DIFFRACTION,0.0,2.2,40.0,,0.235,0.287,,0.0,0.0,15.9,96.3
3scl,../pdb/human_interaction_partners/ACE2/3scl,human_interaction_partners,ACE2,X-RAY DIFFRACTION,0.0,3.0,50.0,,0.23881,0.29178,,2.0,2.0,,97.7
3h8c,../pdb/human_interaction_partners/Cathepsin_L/3h8c,human_interaction_partners,Cathepsin_L,X-RAY DIFFRACTION,0.0,2.5,50.0,,0.237,0.292,,,,,
6n4i,../pdb/human_interaction_partners/TCP2/6n4i,human_interaction_partners,TCP2,X-RAY DIFFRACTION,0.0,3.5,50.0,,0.2745,0.2942,0.115,,,13.7,99.3
6ezx,../pdb/human_interaction_partners/Cathepsin_L/6ezx,human_interaction_partners,Cathepsin_L,X-RAY DIFFRACTION,0.0,2.34,46.39,,0.22152,0.29685,0.07,,,3.0,85.4
3kbh,../pdb/human_interaction_partners/ACE2/3kbh,human_interaction_partners,ACE2,X-RAY DIFFRACTION,0.0,3.3,50.0,,0.26817,0.29973,0.076,,,4.3,99.0
3d0h,../pdb/human_interaction_partners/ACE2/3d0h,human_interaction_partners,ACE2,X-RAY DIFFRACTION,0.0,3.1,37.5,,0.221,0.302,,,,,
2c6n,../pdb/human_interaction_partners/ACE2/2c6n,human_interaction_partners,ACE2,X-RAY DIFFRACTION,0.0,3.0,50.0,,0.294,0.308,0.12,2.0,,4.0,95.5
1r4l,../pdb/human_interaction_partners/ACE2/1r4l,human_interaction_partners,ACE2,X-RAY DIFFRACTION,0.0,3.0,50.0,,0.253,0.337,,0.0,,,95.9
3hwn,../pdb/human_interaction_partners/Cathepsin_L/3hwn,human_interaction_partners,Cathepsin_L,X-RAY DIFFRACTION,0.0,2.33,35.81,,0.24991,0.34718,0.098,0.0,0.0,2.0,91.7
1xak,../pdb/hypothetical_protein_sars7a/SARS-CoV/1xak,hypothetical_protein_sars7a,SARS-CoV,X-RAY DIFFRACTION,0.0,1.8,20.0,,0.223,0.275,,2.0,2.0,7.2,98.7
6w4h,../pdb/methyltransferase-nsp10/SARS-CoV-2/6w4h,methyltransferase-nsp10,SARS-CoV-2,X-RAY DIFFRACTION,0.0,1.8,30.0,,0.149,0.1627,0.06,-3.0,,7.3,100.0
6w75,../pdb/methyltransferase-nsp10/SARS-CoV-2/6w75,methyltransferase-nsp10,SARS-CoV-2,X-RAY DIFFRACTION,0.0,1.95,30.0,,0.1573,0.1745,0.077,-3.0,,7.6,100.0
6wjt,../pdb/methyltransferase-nsp10/SARS-CoV-2/6wjt,methyltransferase-nsp10,SARS-CoV-2,X-RAY DIFFRACTION,0.0,2.0,30.0,,0.1711,0.1911,0.101,-3.0,,6.5,100.0
6w61,../pdb/methyltransferase-nsp10/SARS-CoV-2/6w61,methyltransferase-nsp10,SARS-CoV-2,X-RAY DIFFRACTION,0.0,2.0,50.0,,0.1706,0.193,0.139,,,16.7,100.0
3r24,../pdb/methyltransferase-nsp10/SARS-CoV/3r24,methyltransferase-nsp10,SARS-CoV,X-RAY DIFFRACTION,1.0,2.0,46.1,,0.193,0.222,0.54,2.0,1.0,6.1,99.2
2xyq,../pdb/methyltransferase-nsp10/SARS-CoV/2xyq,methyltransferase-nsp10,SARS-CoV,X-RAY DIFFRACTION,0.0,2.0,37.52,,0.21315,0.22675,0.11,2.0,,3.7,99.7
2xyv,../pdb/methyltransferase-nsp10/SARS-CoV/2xyv,methyltransferase-nsp10,SARS-CoV,X-RAY DIFFRACTION,0.0,2.05,37.52,,0.2004,0.23361,0.11,2.0,,3.7,99.6
2xyr,../pdb/methyltransferase-nsp10/SARS-CoV/2xyr,methyltransferase-nsp10,SARS-CoV,X-RAY DIFFRACTION,0.0,2.5,45.58,,0.20087,0.23517,0.1,2.0,,7.3,100.0
2fyg,../pdb/nsp10/SARS-CoV/2fyg,nsp10,SARS-CoV,X-RAY DIFFRACTION,0.0,1.8,44.46,,0.19577,0.23295,0.048,2.0,2.0,5.7,99.97
2g9t,../pdb/nsp10/SARS-CoV/2g9t,nsp10,SARS-CoV,X-RAY DIFFRACTION,0.0,2.1,50.0,,0.217,0.247,,,0.0,,99.9
5c8s,../pdb/nsp10/SARS-CoV/5c8s,nsp10,SARS-CoV,X-RAY DIFFRACTION,0.0,3.3,50.0,,0.2171,0.2594,0.076,,,6.7,100.0
5c8t,../pdb/nsp10/SARS-CoV/5c8t,nsp10,SARS-CoV,X-RAY DIFFRACTION,1.0,3.2,50.0,,0.2427,0.2646,0.099,,,13.3,100.0
5c8u,../pdb/nsp10/SARS-CoV/5c8u,nsp10,SARS-CoV,X-RAY DIFFRACTION,0.0,3.4,50.0,,0.2179,0.2663,0.086,,,7.5,100.0
2ga6,../pdb/nsp10/SARS-CoV/2ga6,nsp10,SARS-CoV,X-RAY DIFFRACTION,0.0,2.7,50.0,,0.219,0.267,,,0.0,,99.0
6wen,../pdb/nsp3/SARS-CoV-2/6wen,nsp3,SARS-CoV-2,X-RAY DIFFRACTION,0.0,1.35,50.0,,0.1036,0.1441,0.089,-3.0,,6.2,95.7
6wcf,../pdb/nsp3/SARS-CoV-2/6wcf,nsp3,SARS-CoV-2,X-RAY DIFFRACTION,0.0,1.065,50.0,,0.1254,0.1537,0.094,-3.0,,5.9,97.9
6w02,../pdb/nsp3/SARS-CoV-2/6w02,nsp3,SARS-CoV-2,X-RAY DIFFRACTION,0.0,1.5,37.5,,0.1496,0.1729,0.075,,,3.4,80.8
4m0w,../pdb/nsp3/SARS-CoV/4m0w,nsp3,SARS-CoV,X-RAY DIFFRACTION,0.0,1.4,30.0,,0.15562,0.17983,,,,,99.6
5y3q,../pdb/nsp3/SARS-CoV/5y3q,nsp3,SARS-CoV,X-RAY DIFFRACTION,0.0,1.65,74.27,,0.14667,0.18405,0.041,,,3.6,99.7
6w6y,../pdb/nsp3/SARS-CoV-2/6w6y,nsp3,SARS-CoV-2,X-RAY DIFFRACTION,0.0,1.45,50.0,,0.1421,0.1891,0.109,,,5.3,98.6
2acf,../pdb/nsp3/SARS-CoV/2acf,nsp3,SARS-CoV,X-RAY DIFFRACTION,0.0,1.4,50.0,,0.16414,0.18916,0.062,2.0,2.0,3.7,99.2
5y3e,../pdb/nsp3/SARS-CoV/5y3e,nsp3,SARS-CoV,X-RAY DIFFRACTION,0.0,1.65,74.47,,0.16175,0.19931,0.047,,,3.5,95.5
4ow0,../pdb/nsp3/SARS-CoV/4ow0,nsp3,SARS-CoV,X-RAY DIFFRACTION,0.0,2.1,31.8,,0.176,0.2045,0.062,,,4.7,98.6
2fav,../pdb/nsp3/SARS-CoV/2fav,nsp3,SARS-CoV,X-RAY DIFFRACTION,0.0,1.8,111.8,,0.162,0.206,,0.0,0.0,10.4,99.9
2fe8,../pdb/nsp3/SARS-CoV/2fe8,nsp3,SARS-CoV,X-RAY DIFFRACTION,0.0,1.85,20.0,,0.201,0.229,0.083,0.0,,7.0,97.6
6vxs,../pdb/nsp3/SARS-CoV-2/6vxs,nsp3,SARS-CoV-2,X-RAY DIFFRACTION,1.0,2.01,50.0,,0.1864,0.2335,,,,5.3,90.8
2wct,../pdb/nsp3/SARS-CoV/2wct,nsp3,SARS-CoV,X-RAY DIFFRACTION,0.0,2.8,33.33,,0.2233,0.2399,0.08,2.0,,3.0,93.1
4ovz,../pdb/nsp3/SARS-CoV/4ovz,nsp3,SARS-CoV,X-RAY DIFFRACTION,0.0,2.5,100.0,,0.1821,0.2429,0.065,,,4.2,99.8
3mj5,../pdb/nsp3/SARS-CoV/3mj5,nsp3,SARS-CoV,X-RAY DIFFRACTION,0.0,2.65,50.0,,0.2085,0.24816,0.127,2.0,,3.37,97.5
5tl6,../pdb/nsp3/SARS-CoV/5tl6,nsp3,SARS-CoV,X-RAY DIFFRACTION,0.0,2.618,50.0,,0.1909,0.2496,0.111,,,5.0,98.4
3e9s,../pdb/nsp3/SARS-CoV/3e9s,nsp3,SARS-CoV,X-RAY DIFFRACTION,0.0,2.5,50.0,,0.196,0.261,,2.3,2.3,,98.6
5e6j,../pdb/nsp3/SARS-CoV/5e6j,nsp3,SARS-CoV,X-RAY DIFFRACTION,0.0,2.85,50.0,,0.2323,0.2643,0.07,,,3.3,98.0
5tl7,../pdb/nsp3/SARS-CoV/5tl7,nsp3,SARS-CoV,X-RAY DIFFRACTION,0.0,2.44,72.23,,0.19211,0.26744,0.099,,,2.4,99.1
2w2g,../pdb/nsp3/SARS-CoV/2w2g,nsp3,SARS-CoV,X-RAY DIFFRACTION,0.0,2.22,28.25,,0.211,0.268,0.055,2.0,,6.3,92.1
4mm3,../pdb/nsp3/SARS-CoV/4mm3,nsp3,SARS-CoV,X-RAY DIFFRACTION,0.0,2.75,100.0,,0.1872,0.2787,,1.0,1.0,,98.8
6w9c,../pdb/nsp3/SARS-CoV-2/6w9c,nsp3,SARS-CoV-2,X-RAY DIFFRACTION,1.0,2.7,43.68,,0.2351,0.3088,0.14,,,2.5,57.3
2ahm,../pdb/nsp7/SARS-CoV/2ahm,nsp7,SARS-CoV,X-RAY DIFFRACTION,0.0,2.3,50.0,,0.213,0.251,0.099,0.0,0.0,8.4,96.8
6wiq,../pdb/nsp8-nsp7/SARS-CoV-2/6wiq,nsp8-nsp7,SARS-CoV-2,X-RAY DIFFRACTION,0.0,2.85,50.0,,0.2082,0.2523,0.13,,,6.7,97.9
5f22,../pdb/nsp8-nsp7/SARS-CoV/5f22,nsp8-nsp7,SARS-CoV,X-RAY DIFFRACTION,0.0,1.6,50.0,,0.2119,0.2523,,,,18.2,100.0
6w9q,../pdb/nsp9/SARS-CoV-2/6w9q,nsp9,SARS-CoV-2,X-RAY DIFFRACTION,0.0,2.05,48.5,,0.2327,0.2459,,,,8.6,100.0
3ee7,../pdb/nsp9/SARS-CoV/3ee7,nsp9,SARS-CoV,X-RAY DIFFRACTION,0.0,2.6,35.96,,0.216,0.268,0.053,0.0,0.0,3.7,98.9
6w4b,../pdb/nsp9/SARS-CoV-2/6w4b,nsp9,SARS-CoV-2,X-RAY DIFFRACTION,1.0,2.9,45.0,,0.2398,0.276,0.19,-3.0,,12.0,97.1
1qz8,../pdb/nsp9/SARS-CoV/1qz8,nsp9,SARS-CoV,X-RAY DIFFRACTION,0.0,2.7,14.9,,0.24792,0.28035,,0.0,,10.8,99.1
1uw7,../pdb/nsp9/SARS-CoV/1uw7,nsp9,SARS-CoV,X-RAY DIFFRACTION,0.0,2.8,20.0,,0.228,0.314,0.19,,,24.0,100.0
2ofz,../pdb/nucleocapsid_protein/SARS-CoV/2ofz,nucleocapsid_protein,SARS-CoV,X-RAY DIFFRACTION,0.0,1.17,47.57,,0.16244,0.19132,0.062,0.0,0.0,3.8,97.4
6vyo,../pdb/nucleocapsid_protein/SARS-CoV-2/6vyo,nucleocapsid_protein,SARS-CoV-2,X-RAY DIFFRACTION,1.0,1.7,50.0,,0.1599,0.2049,0.131,,,12.4,99.7
6wji,../pdb/nucleocapsid_protein/SARS-CoV-2/6wji,nucleocapsid_protein,SARS-CoV-2,X-RAY DIFFRACTION,0.0,2.05,30.0,,0.1869,0.2275,0.171,-3.0,,6.2,97.0
2gib,../pdb/nucleocapsid_protein/SARS-CoV/2gib,nucleocapsid_protein,SARS-CoV,X-RAY DIFFRACTION,0.0,1.75,30.93,,0.18726,0.23451,,0.0,0.0,,99.12
2og3,../pdb/nucleocapsid_protein/SARS-CoV/2og3,nucleocapsid_protein,SARS-CoV,X-RAY DIFFRACTION,0.0,1.85,38.9,,0.19904,0.24711,0.075,0.0,0.0,4.1,99.78
2cjr,../pdb/nucleocapsid_protein/SARS-CoV/2cjr,nucleocapsid_protein,SARS-CoV,X-RAY DIFFRACTION,0.0,2.5,30.0,,0.256,0.269,0.1,2.0,,6.7,99.9
6m3m,../pdb/nucleocapsid_protein/SARS-CoV-2/6m3m,nucleocapsid_protein,SARS-CoV-2,X-RAY DIFFRACTION,1.0,2.7,20.92,,0.2578,0.2934,0.1043,,,6.5,99.5
2ghv,../pdb/surface_glycoprotein/SARS-CoV/2ghv,surface_glycoprotein,SARS-CoV,X-RAY DIFFRACTION,0.0,2.2,50.0,,0.18237,0.21312,,-4.0,0.0,,99.5
6lzg,../pdb/surface_glycoprotein/SARS-CoV-2/6lzg,surface_glycoprotein,SARS-CoV-2,X-RAY DIFFRACTION,0.0,2.5,50.0,,0.1884,0.2156,0.129,2.0,2.0,21.6,100.0
6m0j,../pdb/surface_glycoprotein/SARS-CoV-2/6m0j,surface_glycoprotein,SARS-CoV-2,X-RAY DIFFRACTION,1.0,2.45,95.18,,0.192,0.2269,0.12,,,26.1,100.0
6vw1,../pdb/surface_glycoprotein/SARS-CoV-2/6vw1,surface_glycoprotein,SARS-CoV-2,X-RAY DIFFRACTION,1.0,2.68,118.03,,0.197,0.2288,0.081,,,3.9,96.7
6waq,../pdb/surface_glycoprotein/SARS-CoV/6waq,surface_glycoprotein,SARS-CoV,X-RAY DIFFRACTION,0.0,2.2,50.513,,0.2026,0.2359,,,,8.9,99.8
6yla,../pdb/surface_glycoprotein/SARS-CoV-2/6yla,surface_glycoprotein,SARS-CoV-2,X-RAY DIFFRACTION,0.0,2.42,58.8,,0.2127,0.2367,0.303,,,78.7,100.0
1zvb,../pdb/surface_glycoprotein/SARS-CoV/1zvb,surface_glycoprotein,SARS-CoV,X-RAY DIFFRACTION,0.0,1.7,51.6,,0.194,0.239,0.036,0.0,,2.9,96.9
2beq,../pdb/surface_glycoprotein/SARS-CoV/2beq,surface_glycoprotein,SARS-CoV,X-RAY DIFFRACTION,0.0,1.6,30.0,,0.199,0.241,0.04,,,3.5,99.6
6w41,../pdb/surface_glycoprotein/SARS-CoV-2/6w41,surface_glycoprotein,SARS-CoV-2,X-RAY DIFFRACTION,1.0,3.08,50.039,,0.2226,0.2433,0.136,,,12.5,100.0
2bez,../pdb/surface_glycoprotein/SARS-CoV/2bez,surface_glycoprotein,SARS-CoV,X-RAY DIFFRACTION,0.0,1.6,30.0,,0.206,0.244,0.08,-2.0,,10.6,99.5
1zva,../pdb/surface_glycoprotein/SARS-CoV/1zva,surface_glycoprotein,SARS-CoV,X-RAY DIFFRACTION,0.0,1.5,72.6,,0.211,0.246,0.058,0.0,,5.8,98.0
1wyy,../pdb/surface_glycoprotein/SARS-CoV/1wyy,surface_glycoprotein,SARS-CoV,X-RAY DIFFRACTION,0.0,2.2,30.0,,0.21,0.249,0.097,,,,90.1
6lvn,../pdb/surface_glycoprotein/SARS-CoV-2/6lvn,surface_glycoprotein,SARS-CoV-2,X-RAY DIFFRACTION,1.0,2.469,26.894,,0.2148,0.258,0.1324,,,13.5,99.22
1zv7,../pdb/surface_glycoprotein/SARS-CoV/1zv7,surface_glycoprotein,SARS-CoV,X-RAY DIFFRACTION,0.0,1.7,45.2,,0.209,0.258,0.063,0.0,,7.0,99.9
2dd8,../pdb/surface_glycoprotein/SARS-CoV/2dd8,surface_glycoprotein,SARS-CoV,X-RAY DIFFRACTION,0.0,2.3,30.0,,0.199,0.261,0.06,0.0,0.0,3.0,91.0
1wnc,../pdb/surface_glycoprotein/SARS-CoV/1wnc,surface_glycoprotein,SARS-CoV,X-RAY DIFFRACTION,0.0,2.8,50.0,,0.233,0.273,,,,,
1zv8,../pdb/surface_glycoprotein/SARS-CoV/1zv8,surface_glycoprotein,SARS-CoV,X-RAY DIFFRACTION,0.0,1.94,70.7,,0.2032,0.27427,0.055,0.0,0.0,2.5,94.5
2ajf,../pdb/surface_glycoprotein/SARS-CoV/2ajf,surface_glycoprotein,SARS-CoV,X-RAY DIFFRACTION,0.0,2.8,47.4,,0.218,0.275,,,,6.9,93.1
3scj,../pdb/surface_glycoprotein/SARS-CoV/3scj,surface_glycoprotein,SARS-CoV,X-RAY DIFFRACTION,0.0,3.0,50.0,,0.22961,0.27771,,2.0,2.0,,95.1
3d0i,../pdb/surface_glycoprotein/SARS-CoV/3d0i,surface_glycoprotein,SARS-CoV,X-RAY DIFFRACTION,0.0,2.9,50.0,,0.224,0.278,,,,,
3d0g,../pdb/surface_glycoprotein/SARS-CoV/3d0g,surface_glycoprotein,SARS-CoV,X-RAY DIFFRACTION,0.0,2.8,50.0,,0.214,0.279,,,,,
5x4s,../pdb/surface_glycoprotein/SARS-CoV/5x4s,surface_glycoprotein,SARS-CoV,X-RAY DIFFRACTION,0.0,2.2,50.0,,0.2519,0.2824,,,,11.1,99.4
3sci,../pdb/surface_glycoprotein/SARS-CoV/3sci,surface_glycoprotein,SARS-CoV,X-RAY DIFFRACTION,0.0,2.9,50.0,,0.22587,0.28264,,2.0,2.0,,93.4
3sck,../pdb/surface_glycoprotein/SARS-CoV/3sck,surface_glycoprotein,SARS-CoV,X-RAY DIFFRACTION,0.0,3.0,50.0,,0.2392,0.28529,,2.0,2.0,,91.7
3bgf,../pdb/surface_glycoprotein/SARS-CoV/3bgf,surface_glycoprotein,SARS-CoV,X-RAY DIFFRACTION,0.0,2.8,50.0,,0.234,0.286,0.132,-3.0,,5.2,94.4
6lxt,../pdb/surface_glycoprotein/SARS-CoV-2/6lxt,surface_glycoprotein,SARS-CoV-2,X-RAY DIFFRACTION,1.0,2.9,47.32,,0.2593,0.2896,0.16,,,2.0,94.02
3scl,../pdb/surface_glycoprotein/SARS-CoV/3scl,surface_glycoprotein,SARS-CoV,X-RAY DIFFRACTION,0.0,3.0,50.0,,0.23881,0.29178,,2.0,2.0,,97.7
2ghw,../pdb/surface_glycoprotein/SARS-CoV/2ghw,surface_glycoprotein,SARS-CoV,X-RAY DIFFRACTION,0.0,2.29,50.0,,0.24843,0.29537,0.145,-4.0,0.0,3.1,93.8
5zvm,../pdb/surface_glycoprotein/SARS-CoV/5zvm,surface_glycoprotein,SARS-CoV,X-RAY DIFFRACTION,0.0,3.3,34.5,,0.2476,0.3014,,,,8.1,99.9
3d0h,../pdb/surface_glycoprotein/SARS-CoV/3d0h,surface_glycoprotein,SARS-CoV,X-RAY DIFFRACTION,0.0,3.1,37.5,,0.221,0.302,,,,,
