pdb,description,method,datapath,github,protein,virus,hasRerefinement,Molprobity_score
6m18,,ELECTRON MICROSCOPY,../pdb/human_interaction_partners/ACE2/6m18,https://github.com/thorn-lab/coronavirus_structural_task_force/tree/master/pdb/human_interaction_partners/ACE2/6m18,human_interaction_partners,ACE2,0,
6acj,,ELECTRON MICROSCOPY,../pdb/human_interaction_partners/ACE2/6acj,https://github.com/thorn-lab/coronavirus_structural_task_force/tree/master/pdb/human_interaction_partners/ACE2/6acj,human_interaction_partners,ACE2,0,
6ack,,ELECTRON MICROSCOPY,../pdb/human_interaction_partners/ACE2/6ack,https://github.com/thorn-lab/coronavirus_structural_task_force/tree/master/pdb/human_interaction_partners/ACE2/6ack,human_interaction_partners,ACE2,0,
6cs2,,ELECTRON MICROSCOPY,../pdb/human_interaction_partners/ACE2/6cs2,https://github.com/thorn-lab/coronavirus_structural_task_force/tree/master/pdb/human_interaction_partners/ACE2/6cs2,human_interaction_partners,ACE2,0,
6acg,,ELECTRON MICROSCOPY,../pdb/human_interaction_partners/ACE2/6acg,https://github.com/thorn-lab/coronavirus_structural_task_force/tree/master/pdb/human_interaction_partners/ACE2/6acg,human_interaction_partners,ACE2,0,
6m17,,ELECTRON MICROSCOPY,../pdb/human_interaction_partners/ACE2/6m17,https://github.com/thorn-lab/coronavirus_structural_task_force/tree/master/pdb/human_interaction_partners/ACE2/6m17,human_interaction_partners,ACE2,0,
6m1d,,ELECTRON MICROSCOPY,../pdb/human_interaction_partners/ACE2/6m1d,https://github.com/thorn-lab/coronavirus_structural_task_force/tree/master/pdb/human_interaction_partners/ACE2/6m1d,human_interaction_partners,ACE2,0,
6nq2,,ELECTRON MICROSCOPY,../pdb/human_interaction_partners/TCP2/6nq2,https://github.com/thorn-lab/coronavirus_structural_task_force/tree/master/pdb/human_interaction_partners/TCP2/6nq2,human_interaction_partners,TCP2,0,
6kzp,,ELECTRON MICROSCOPY,../pdb/human_interaction_partners/TCP2/6kzp,https://github.com/thorn-lab/coronavirus_structural_task_force/tree/master/pdb/human_interaction_partners/TCP2/6kzp,human_interaction_partners,TCP2,0,
6j8i,,ELECTRON MICROSCOPY,../pdb/human_interaction_partners/TCP2/6j8i,https://github.com/thorn-lab/coronavirus_structural_task_force/tree/master/pdb/human_interaction_partners/TCP2/6j8i,human_interaction_partners,TCP2,0,
6nq0,,ELECTRON MICROSCOPY,../pdb/human_interaction_partners/TCP2/6nq0,https://github.com/thorn-lab/coronavirus_structural_task_force/tree/master/pdb/human_interaction_partners/TCP2/6nq0,human_interaction_partners,TCP2,0,
6j8j,,ELECTRON MICROSCOPY,../pdb/human_interaction_partners/TCP2/6j8j,https://github.com/thorn-lab/coronavirus_structural_task_force/tree/master/pdb/human_interaction_partners/TCP2/6j8j,human_interaction_partners,TCP2,0,
6nq1,,ELECTRON MICROSCOPY,../pdb/human_interaction_partners/TCP2/6nq1,https://github.com/thorn-lab/coronavirus_structural_task_force/tree/master/pdb/human_interaction_partners/TCP2/6nq1,human_interaction_partners,TCP2,0,
6kzo,,ELECTRON MICROSCOPY,../pdb/human_interaction_partners/TCP2/6kzo,https://github.com/thorn-lab/coronavirus_structural_task_force/tree/master/pdb/human_interaction_partners/TCP2/6kzo,human_interaction_partners,TCP2,0,
6j8e,,ELECTRON MICROSCOPY,../pdb/human_interaction_partners/TCP2/6j8e,https://github.com/thorn-lab/coronavirus_structural_task_force/tree/master/pdb/human_interaction_partners/TCP2/6j8e,human_interaction_partners,TCP2,0,
6nt3,,ELECTRON MICROSCOPY,../pdb/human_interaction_partners/TCP2/6nt3,https://github.com/thorn-lab/coronavirus_structural_task_force/tree/master/pdb/human_interaction_partners/TCP2/6nt3,human_interaction_partners,TCP2,0,
6j8g,,ELECTRON MICROSCOPY,../pdb/human_interaction_partners/TCP2/6j8g,https://github.com/thorn-lab/coronavirus_structural_task_force/tree/master/pdb/human_interaction_partners/TCP2/6j8g,human_interaction_partners,TCP2,0,
6du8,,ELECTRON MICROSCOPY,../pdb/human_interaction_partners/TCP2/6du8,https://github.com/thorn-lab/coronavirus_structural_task_force/tree/master/pdb/human_interaction_partners/TCP2/6du8,human_interaction_partners,TCP2,0,
6nt4,,ELECTRON MICROSCOPY,../pdb/human_interaction_partners/TCP2/6nt4,https://github.com/thorn-lab/coronavirus_structural_task_force/tree/master/pdb/human_interaction_partners/TCP2/6nt4,human_interaction_partners,TCP2,0,
6n4q,,ELECTRON MICROSCOPY,../pdb/human_interaction_partners/TCP2/6n4q,https://github.com/thorn-lab/coronavirus_structural_task_force/tree/master/pdb/human_interaction_partners/TCP2/6n4q,human_interaction_partners,TCP2,0,
6j8h,,ELECTRON MICROSCOPY,../pdb/human_interaction_partners/TCP2/6j8h,https://github.com/thorn-lab/coronavirus_structural_task_force/tree/master/pdb/human_interaction_partners/TCP2/6j8h,human_interaction_partners,TCP2,0,
6n4r,,ELECTRON MICROSCOPY,../pdb/human_interaction_partners/TCP2/6n4r,https://github.com/thorn-lab/coronavirus_structural_task_force/tree/master/pdb/human_interaction_partners/TCP2/6n4r,human_interaction_partners,TCP2,0,
6agf,,ELECTRON MICROSCOPY,../pdb/human_interaction_partners/TCP2/6agf,https://github.com/thorn-lab/coronavirus_structural_task_force/tree/master/pdb/human_interaction_partners/TCP2/6agf,human_interaction_partners,TCP2,0,
6zoj,,ELECTRON MICROSCOPY,../pdb/leader_protein/SARS-CoV-2/6zoj,https://github.com/thorn-lab/coronavirus_structural_task_force/tree/master/pdb/leader_protein/SARS-CoV-2/6zoj,leader_protein,SARS-CoV-2,0,
6xdc,,ELECTRON MICROSCOPY,../pdb/orf3a_protein/SARS-CoV-2/6xdc,https://github.com/thorn-lab/coronavirus_structural_task_force/tree/master/pdb/orf3a_protein/SARS-CoV-2/6xdc,orf3a_protein,SARS-CoV-2,0,
7bw4,,ELECTRON MICROSCOPY,../pdb/rna_polymerase-nsp7-nsp8/SARS-CoV-2/7bw4,https://github.com/thorn-lab/coronavirus_structural_task_force/tree/master/pdb/rna_polymerase-nsp7-nsp8/SARS-CoV-2/7bw4,rna_polymerase-nsp7-nsp8,SARS-CoV-2,0,
7c2k,,ELECTRON MICROSCOPY,../pdb/rna_polymerase-nsp7-nsp8/SARS-CoV-2/7c2k,https://github.com/thorn-lab/coronavirus_structural_task_force/tree/master/pdb/rna_polymerase-nsp7-nsp8/SARS-CoV-2/7c2k,rna_polymerase-nsp7-nsp8,SARS-CoV-2,0,
7btf,,ELECTRON MICROSCOPY,../pdb/rna_polymerase-nsp7-nsp8/SARS-CoV-2/7btf,https://github.com/thorn-lab/coronavirus_structural_task_force/tree/master/pdb/rna_polymerase-nsp7-nsp8/SARS-CoV-2/7btf,rna_polymerase-nsp7-nsp8,SARS-CoV-2,1,
7bv1,,ELECTRON MICROSCOPY,../pdb/rna_polymerase-nsp7-nsp8/SARS-CoV-2/7bv1,https://github.com/thorn-lab/coronavirus_structural_task_force/tree/master/pdb/rna_polymerase-nsp7-nsp8/SARS-CoV-2/7bv1,rna_polymerase-nsp7-nsp8,SARS-CoV-2,1,
7bv2,,ELECTRON MICROSCOPY,../pdb/rna_polymerase-nsp7-nsp8/SARS-CoV-2/7bv2,https://github.com/thorn-lab/coronavirus_structural_task_force/tree/master/pdb/rna_polymerase-nsp7-nsp8/SARS-CoV-2/7bv2,rna_polymerase-nsp7-nsp8,SARS-CoV-2,1,
6m71,,ELECTRON MICROSCOPY,../pdb/rna_polymerase-nsp7-nsp8/SARS-CoV-2/6m71,https://github.com/thorn-lab/coronavirus_structural_task_force/tree/master/pdb/rna_polymerase-nsp7-nsp8/SARS-CoV-2/6m71,rna_polymerase-nsp7-nsp8,SARS-CoV-2,1,
6yyt,,ELECTRON MICROSCOPY,../pdb/rna_polymerase-nsp7-nsp8/SARS-CoV-2/6yyt,https://github.com/thorn-lab/coronavirus_structural_task_force/tree/master/pdb/rna_polymerase-nsp7-nsp8/SARS-CoV-2/6yyt,rna_polymerase-nsp7-nsp8,SARS-CoV-2,0,
7bzf,,ELECTRON MICROSCOPY,../pdb/rna_polymerase-nsp7-nsp8/SARS-CoV-2/7bzf,https://github.com/thorn-lab/coronavirus_structural_task_force/tree/master/pdb/rna_polymerase-nsp7-nsp8/SARS-CoV-2/7bzf,rna_polymerase-nsp7-nsp8,SARS-CoV-2,0,
6x2g,,ELECTRON MICROSCOPY,../pdb/rna_polymerase-nsp7-nsp8/SARS-CoV-2/6x2g,https://github.com/thorn-lab/coronavirus_structural_task_force/tree/master/pdb/rna_polymerase-nsp7-nsp8/SARS-CoV-2/6x2g,rna_polymerase-nsp7-nsp8,SARS-CoV-2,0,
6nur,,ELECTRON MICROSCOPY,../pdb/rna_polymerase-nsp7-nsp8/SARS-CoV/6nur,https://github.com/thorn-lab/coronavirus_structural_task_force/tree/master/pdb/rna_polymerase-nsp7-nsp8/SARS-CoV/6nur,rna_polymerase-nsp7-nsp8,SARS-CoV,1,
6nus,,ELECTRON MICROSCOPY,../pdb/rna_polymerase-nsp8/SARS-CoV-2/6nus,https://github.com/thorn-lab/coronavirus_structural_task_force/tree/master/pdb/rna_polymerase-nsp8/SARS-CoV-2/6nus,rna_polymerase-nsp8,SARS-CoV-2,0,
6z43,,ELECTRON MICROSCOPY,../pdb/surface_glycoprotein/SARS-CoV-2/6z43,https://github.com/thorn-lab/coronavirus_structural_task_force/tree/master/pdb/surface_glycoprotein/SARS-CoV-2/6z43,surface_glycoprotein,SARS-CoV-2,0,
6zox,,ELECTRON MICROSCOPY,../pdb/surface_glycoprotein/SARS-CoV-2/6zox,https://github.com/thorn-lab/coronavirus_structural_task_force/tree/master/pdb/surface_glycoprotein/SARS-CoV-2/6zox,surface_glycoprotein,SARS-CoV-2,0,
6zoy,,ELECTRON MICROSCOPY,../pdb/surface_glycoprotein/SARS-CoV-2/6zoy,https://github.com/thorn-lab/coronavirus_structural_task_force/tree/master/pdb/surface_glycoprotein/SARS-CoV-2/6zoy,surface_glycoprotein,SARS-CoV-2,0,
6acd,,ELECTRON MICROSCOPY,../pdb/surface_glycoprotein/SARS-CoV/6acd,https://github.com/thorn-lab/coronavirus_structural_task_force/tree/master/pdb/surface_glycoprotein/SARS-CoV/6acd,surface_glycoprotein,SARS-CoV,0,
5x5b,,ELECTRON MICROSCOPY,../pdb/surface_glycoprotein/SARS-CoV/5x5b,https://github.com/thorn-lab/coronavirus_structural_task_force/tree/master/pdb/surface_glycoprotein/SARS-CoV/5x5b,surface_glycoprotein,SARS-CoV,0,
6crx,,ELECTRON MICROSCOPY,../pdb/surface_glycoprotein/SARS-CoV/6crx,https://github.com/thorn-lab/coronavirus_structural_task_force/tree/master/pdb/surface_glycoprotein/SARS-CoV/6crx,surface_glycoprotein,SARS-CoV,0,
6crz,,ELECTRON MICROSCOPY,../pdb/surface_glycoprotein/SARS-CoV/6crz,https://github.com/thorn-lab/coronavirus_structural_task_force/tree/master/pdb/surface_glycoprotein/SARS-CoV/6crz,surface_glycoprotein,SARS-CoV,0,
6crv,,ELECTRON MICROSCOPY,../pdb/surface_glycoprotein/SARS-CoV/6crv,https://github.com/thorn-lab/coronavirus_structural_task_force/tree/master/pdb/surface_glycoprotein/SARS-CoV/6crv,surface_glycoprotein,SARS-CoV,0,
5xlr,,ELECTRON MICROSCOPY,../pdb/surface_glycoprotein/SARS-CoV/5xlr,https://github.com/thorn-lab/coronavirus_structural_task_force/tree/master/pdb/surface_glycoprotein/SARS-CoV/5xlr,surface_glycoprotein,SARS-CoV,0,
6crw,,ELECTRON MICROSCOPY,../pdb/surface_glycoprotein/SARS-CoV/6crw,https://github.com/thorn-lab/coronavirus_structural_task_force/tree/master/pdb/surface_glycoprotein/SARS-CoV/6crw,surface_glycoprotein,SARS-CoV,0,
6acj,,ELECTRON MICROSCOPY,../pdb/surface_glycoprotein/SARS-CoV/6acj,https://github.com/thorn-lab/coronavirus_structural_task_force/tree/master/pdb/surface_glycoprotein/SARS-CoV/6acj,surface_glycoprotein,SARS-CoV,0,
6ack,,ELECTRON MICROSCOPY,../pdb/surface_glycoprotein/SARS-CoV/6ack,https://github.com/thorn-lab/coronavirus_structural_task_force/tree/master/pdb/surface_glycoprotein/SARS-CoV/6ack,surface_glycoprotein,SARS-CoV,0,
6cs0,,ELECTRON MICROSCOPY,../pdb/surface_glycoprotein/SARS-CoV/6cs0,https://github.com/thorn-lab/coronavirus_structural_task_force/tree/master/pdb/surface_glycoprotein/SARS-CoV/6cs0,surface_glycoprotein,SARS-CoV,0,
6cs1,,ELECTRON MICROSCOPY,../pdb/surface_glycoprotein/SARS-CoV/6cs1,https://github.com/thorn-lab/coronavirus_structural_task_force/tree/master/pdb/surface_glycoprotein/SARS-CoV/6cs1,surface_glycoprotein,SARS-CoV,0,
5wrg,,ELECTRON MICROSCOPY,../pdb/surface_glycoprotein/SARS-CoV/5wrg,https://github.com/thorn-lab/coronavirus_structural_task_force/tree/master/pdb/surface_glycoprotein/SARS-CoV/5wrg,surface_glycoprotein,SARS-CoV,0,
6cs2,,ELECTRON MICROSCOPY,../pdb/surface_glycoprotein/SARS-CoV/6cs2,https://github.com/thorn-lab/coronavirus_structural_task_force/tree/master/pdb/surface_glycoprotein/SARS-CoV/6cs2,surface_glycoprotein,SARS-CoV,0,
6acg,,ELECTRON MICROSCOPY,../pdb/surface_glycoprotein/SARS-CoV/6acg,https://github.com/thorn-lab/coronavirus_structural_task_force/tree/master/pdb/surface_glycoprotein/SARS-CoV/6acg,surface_glycoprotein,SARS-CoV,0,
6nb6,,ELECTRON MICROSCOPY,../pdb/surface_glycoprotein/SARS-CoV/6nb6,https://github.com/thorn-lab/coronavirus_structural_task_force/tree/master/pdb/surface_glycoprotein/SARS-CoV/6nb6,surface_glycoprotein,SARS-CoV,0,
5x58,,ELECTRON MICROSCOPY,../pdb/surface_glycoprotein/SARS-CoV/5x58,https://github.com/thorn-lab/coronavirus_structural_task_force/tree/master/pdb/surface_glycoprotein/SARS-CoV/5x58,surface_glycoprotein,SARS-CoV,0,
6nb7,,ELECTRON MICROSCOPY,../pdb/surface_glycoprotein/SARS-CoV/6nb7,https://github.com/thorn-lab/coronavirus_structural_task_force/tree/master/pdb/surface_glycoprotein/SARS-CoV/6nb7,surface_glycoprotein,SARS-CoV,0,
6acc,,ELECTRON MICROSCOPY,../pdb/surface_glycoprotein/SARS-CoV/6acc,https://github.com/thorn-lab/coronavirus_structural_task_force/tree/master/pdb/surface_glycoprotein/SARS-CoV/6acc,surface_glycoprotein,SARS-CoV,0,
2liz,,SOLUTION NMR,../pdb/3c_like_proteinase/SARS-CoV/2liz,https://github.com/thorn-lab/coronavirus_structural_task_force/tree/master/pdb/3c_like_proteinase/SARS-CoV/2liz,3c_like_proteinase,SARS-CoV,0,
2k7x,,SOLUTION NMR,../pdb/3c_like_proteinase/SARS-CoV/2k7x,https://github.com/thorn-lab/coronavirus_structural_task_force/tree/master/pdb/3c_like_proteinase/SARS-CoV/2k7x,3c_like_proteinase,SARS-CoV,0,
1yo4,,SOLUTION NMR,../pdb/hypothetical_protein_sars7a/SARS-CoV/1yo4,https://github.com/thorn-lab/coronavirus_structural_task_force/tree/master/pdb/hypothetical_protein_sars7a/SARS-CoV/1yo4,hypothetical_protein_sars7a,SARS-CoV,0,
2hsx,,SOLUTION NMR,../pdb/leader_protein/SARS-CoV/2hsx,https://github.com/thorn-lab/coronavirus_structural_task_force/tree/master/pdb/leader_protein/SARS-CoV/2hsx,leader_protein,SARS-CoV,0,
2gdt,,SOLUTION NMR,../pdb/leader_protein/SARS-CoV/2gdt,https://github.com/thorn-lab/coronavirus_structural_task_force/tree/master/pdb/leader_protein/SARS-CoV/2gdt,leader_protein,SARS-CoV,0,
2kqv,,SOLUTION NMR,../pdb/nsp3/SARS-CoV/2kqv,https://github.com/thorn-lab/coronavirus_structural_task_force/tree/master/pdb/nsp3/SARS-CoV/2kqv,nsp3,SARS-CoV,0,
2idy,,SOLUTION NMR,../pdb/nsp3/SARS-CoV/2idy,https://github.com/thorn-lab/coronavirus_structural_task_force/tree/master/pdb/nsp3/SARS-CoV/2idy,nsp3,SARS-CoV,0,
2kqw,,SOLUTION NMR,../pdb/nsp3/SARS-CoV/2kqw,https://github.com/thorn-lab/coronavirus_structural_task_force/tree/master/pdb/nsp3/SARS-CoV/2kqw,nsp3,SARS-CoV,0,
2jzd,,SOLUTION NMR,../pdb/nsp3/SARS-CoV/2jzd,https://github.com/thorn-lab/coronavirus_structural_task_force/tree/master/pdb/nsp3/SARS-CoV/2jzd,nsp3,SARS-CoV,0,
2jze,,SOLUTION NMR,../pdb/nsp3/SARS-CoV/2jze,https://github.com/thorn-lab/coronavirus_structural_task_force/tree/master/pdb/nsp3/SARS-CoV/2jze,nsp3,SARS-CoV,0,
2k87,,SOLUTION NMR,../pdb/nsp3/SARS-CoV/2k87,https://github.com/thorn-lab/coronavirus_structural_task_force/tree/master/pdb/nsp3/SARS-CoV/2k87,nsp3,SARS-CoV,0,
2jzf,,SOLUTION NMR,../pdb/nsp3/SARS-CoV/2jzf,https://github.com/thorn-lab/coronavirus_structural_task_force/tree/master/pdb/nsp3/SARS-CoV/2jzf,nsp3,SARS-CoV,0,
2gri,,SOLUTION NMR,../pdb/nsp3/SARS-CoV/2gri,https://github.com/thorn-lab/coronavirus_structural_task_force/tree/master/pdb/nsp3/SARS-CoV/2gri,nsp3,SARS-CoV,0,
2rnk,,SOLUTION NMR,../pdb/nsp3/SARS-CoV/2rnk,https://github.com/thorn-lab/coronavirus_structural_task_force/tree/master/pdb/nsp3/SARS-CoV/2rnk,nsp3,SARS-CoV,0,
2kaf,,SOLUTION NMR,../pdb/nsp3/SARS-CoV/2kaf,https://github.com/thorn-lab/coronavirus_structural_task_force/tree/master/pdb/nsp3/SARS-CoV/2kaf,nsp3,SARS-CoV,0,
2kys,,SOLUTION NMR,../pdb/nsp7/SARS-CoV/2kys,https://github.com/thorn-lab/coronavirus_structural_task_force/tree/master/pdb/nsp7/SARS-CoV/2kys,nsp7,SARS-CoV,0,
1ysy,,SOLUTION NMR,../pdb/nsp7/SARS-CoV/1ysy,https://github.com/thorn-lab/coronavirus_structural_task_force/tree/master/pdb/nsp7/SARS-CoV/1ysy,nsp7,SARS-CoV,0,
2jw8,,SOLUTION NMR,../pdb/nucleocapsid_protein/SARS-CoV/2jw8,https://github.com/thorn-lab/coronavirus_structural_task_force/tree/master/pdb/nucleocapsid_protein/SARS-CoV/2jw8,nucleocapsid_protein,SARS-CoV,0,
1ssk,,SOLUTION NMR,../pdb/nucleocapsid_protein/SARS-CoV/1ssk,https://github.com/thorn-lab/coronavirus_structural_task_force/tree/master/pdb/nucleocapsid_protein/SARS-CoV/1ssk,nucleocapsid_protein,SARS-CoV,0,
5xes,,SOLUTION NMR,../pdb/protein_e/SARS-CoV/5xes,https://github.com/thorn-lab/coronavirus_structural_task_force/tree/master/pdb/protein_e/SARS-CoV/5xes,protein_e,SARS-CoV,0,
5x29,,SOLUTION NMR,../pdb/protein_e/SARS-CoV/5x29,https://github.com/thorn-lab/coronavirus_structural_task_force/tree/master/pdb/protein_e/SARS-CoV/5x29,protein_e,SARS-CoV,0,
5xer,,SOLUTION NMR,../pdb/protein_e/SARS-CoV/5xer,https://github.com/thorn-lab/coronavirus_structural_task_force/tree/master/pdb/protein_e/SARS-CoV/5xer,protein_e,SARS-CoV,0,
2mm4,,SOLUTION NMR,../pdb/protein_e/SARS-CoV/2mm4,https://github.com/thorn-lab/coronavirus_structural_task_force/tree/master/pdb/protein_e/SARS-CoV/2mm4,protein_e,SARS-CoV,0,
2rum,,SOLUTION NMR,../pdb/surface_glycoprotein/SARS-CoV/2rum,https://github.com/thorn-lab/coronavirus_structural_task_force/tree/master/pdb/surface_glycoprotein/SARS-CoV/2rum,surface_glycoprotein,SARS-CoV,0,
2run,,SOLUTION NMR,../pdb/surface_glycoprotein/SARS-CoV/2run,https://github.com/thorn-lab/coronavirus_structural_task_force/tree/master/pdb/surface_glycoprotein/SARS-CoV/2run,surface_glycoprotein,SARS-CoV,0,
5xjk,,SOLUTION NMR,../pdb/surface_glycoprotein/SARS-CoV/5xjk,https://github.com/thorn-lab/coronavirus_structural_task_force/tree/master/pdb/surface_glycoprotein/SARS-CoV/5xjk,surface_glycoprotein,SARS-CoV,0,
2fxp,,SOLUTION NMR,../pdb/surface_glycoprotein/SARS-CoV/2fxp,https://github.com/thorn-lab/coronavirus_structural_task_force/tree/master/pdb/surface_glycoprotein/SARS-CoV/2fxp,surface_glycoprotein,SARS-CoV,0,
6m03,,X-RAY DIFFRACTION,../pdb/3c_like_proteinase/SARS-CoV-2/6m03,https://github.com/thorn-lab/coronavirus_structural_task_force/tree/master/pdb/3c_like_proteinase/SARS-CoV-2/6m03,3c_like_proteinase,SARS-CoV-2,1,
7bro,,X-RAY DIFFRACTION,../pdb/3c_like_proteinase/SARS-CoV-2/7bro,https://github.com/thorn-lab/coronavirus_structural_task_force/tree/master/pdb/3c_like_proteinase/SARS-CoV-2/7bro,3c_like_proteinase,SARS-CoV-2,0,
5rh0,,X-RAY DIFFRACTION,../pdb/3c_like_proteinase/SARS-CoV-2/5rh0,https://github.com/thorn-lab/coronavirus_structural_task_force/tree/master/pdb/3c_like_proteinase/SARS-CoV-2/5rh0,3c_like_proteinase,SARS-CoV-2,0,
5rff,,X-RAY DIFFRACTION,../pdb/3c_like_proteinase/SARS-CoV-2/5rff,https://github.com/thorn-lab/coronavirus_structural_task_force/tree/master/pdb/3c_like_proteinase/SARS-CoV-2/5rff,3c_like_proteinase,SARS-CoV-2,0,
5r81,,X-RAY DIFFRACTION,../pdb/3c_like_proteinase/SARS-CoV-2/5r81,https://github.com/thorn-lab/coronavirus_structural_task_force/tree/master/pdb/3c_like_proteinase/SARS-CoV-2/5r81,3c_like_proteinase,SARS-CoV-2,0,
5rgk,,X-RAY DIFFRACTION,../pdb/3c_like_proteinase/SARS-CoV-2/5rgk,https://github.com/thorn-lab/coronavirus_structural_task_force/tree/master/pdb/3c_like_proteinase/SARS-CoV-2/5rgk,3c_like_proteinase,SARS-CoV-2,0,
5re5,,X-RAY DIFFRACTION,../pdb/3c_like_proteinase/SARS-CoV-2/5re5,https://github.com/thorn-lab/coronavirus_structural_task_force/tree/master/pdb/3c_like_proteinase/SARS-CoV-2/5re5,3c_like_proteinase,SARS-CoV-2,0,
6xbh,,X-RAY DIFFRACTION,../pdb/3c_like_proteinase/SARS-CoV-2/6xbh,https://github.com/thorn-lab/coronavirus_structural_task_force/tree/master/pdb/3c_like_proteinase/SARS-CoV-2/6xbh,3c_like_proteinase,SARS-CoV-2,0,
5reb,,X-RAY DIFFRACTION,../pdb/3c_like_proteinase/SARS-CoV-2/5reb,https://github.com/thorn-lab/coronavirus_structural_task_force/tree/master/pdb/3c_like_proteinase/SARS-CoV-2/5reb,3c_like_proteinase,SARS-CoV-2,0,
7brp,,X-RAY DIFFRACTION,../pdb/3c_like_proteinase/SARS-CoV-2/7brp,https://github.com/thorn-lab/coronavirus_structural_task_force/tree/master/pdb/3c_like_proteinase/SARS-CoV-2/7brp,3c_like_proteinase,SARS-CoV-2,0,
5rh1,,X-RAY DIFFRACTION,../pdb/3c_like_proteinase/SARS-CoV-2/5rh1,https://github.com/thorn-lab/coronavirus_structural_task_force/tree/master/pdb/3c_like_proteinase/SARS-CoV-2/5rh1,3c_like_proteinase,SARS-CoV-2,0,
5rfg,,X-RAY DIFFRACTION,../pdb/3c_like_proteinase/SARS-CoV-2/5rfg,https://github.com/thorn-lab/coronavirus_structural_task_force/tree/master/pdb/3c_like_proteinase/SARS-CoV-2/5rfg,3c_like_proteinase,SARS-CoV-2,0,
5r82,,X-RAY DIFFRACTION,../pdb/3c_like_proteinase/SARS-CoV-2/5r82,https://github.com/thorn-lab/coronavirus_structural_task_force/tree/master/pdb/3c_like_proteinase/SARS-CoV-2/5r82,3c_like_proteinase,SARS-CoV-2,0,
5reu,,X-RAY DIFFRACTION,../pdb/3c_like_proteinase/SARS-CoV-2/5reu,https://github.com/thorn-lab/coronavirus_structural_task_force/tree/master/pdb/3c_like_proteinase/SARS-CoV-2/5reu,3c_like_proteinase,SARS-CoV-2,0,
5rgl,,X-RAY DIFFRACTION,../pdb/3c_like_proteinase/SARS-CoV-2/5rgl,https://github.com/thorn-lab/coronavirus_structural_task_force/tree/master/pdb/3c_like_proteinase/SARS-CoV-2/5rgl,3c_like_proteinase,SARS-CoV-2,0,
5re6,,X-RAY DIFFRACTION,../pdb/3c_like_proteinase/SARS-CoV-2/5re6,https://github.com/thorn-lab/coronavirus_structural_task_force/tree/master/pdb/3c_like_proteinase/SARS-CoV-2/5re6,3c_like_proteinase,SARS-CoV-2,0,
5rfz,,X-RAY DIFFRACTION,../pdb/3c_like_proteinase/SARS-CoV-2/5rfz,https://github.com/thorn-lab/coronavirus_structural_task_force/tree/master/pdb/3c_like_proteinase/SARS-CoV-2/5rfz,3c_like_proteinase,SARS-CoV-2,0,
5rec,,X-RAY DIFFRACTION,../pdb/3c_like_proteinase/SARS-CoV-2/5rec,https://github.com/thorn-lab/coronavirus_structural_task_force/tree/master/pdb/3c_like_proteinase/SARS-CoV-2/5rec,3c_like_proteinase,SARS-CoV-2,0,
5rh2,,X-RAY DIFFRACTION,../pdb/3c_like_proteinase/SARS-CoV-2/5rh2,https://github.com/thorn-lab/coronavirus_structural_task_force/tree/master/pdb/3c_like_proteinase/SARS-CoV-2/5rh2,3c_like_proteinase,SARS-CoV-2,0,
5rfh,,X-RAY DIFFRACTION,../pdb/3c_like_proteinase/SARS-CoV-2/5rfh,https://github.com/thorn-lab/coronavirus_structural_task_force/tree/master/pdb/3c_like_proteinase/SARS-CoV-2/5rfh,3c_like_proteinase,SARS-CoV-2,0,
5r83,,X-RAY DIFFRACTION,../pdb/3c_like_proteinase/SARS-CoV-2/5r83,https://github.com/thorn-lab/coronavirus_structural_task_force/tree/master/pdb/3c_like_proteinase/SARS-CoV-2/5r83,3c_like_proteinase,SARS-CoV-2,0,
5rev,,X-RAY DIFFRACTION,../pdb/3c_like_proteinase/SARS-CoV-2/5rev,https://github.com/thorn-lab/coronavirus_structural_task_force/tree/master/pdb/3c_like_proteinase/SARS-CoV-2/5rev,3c_like_proteinase,SARS-CoV-2,0,
5rgm,,X-RAY DIFFRACTION,../pdb/3c_like_proteinase/SARS-CoV-2/5rgm,https://github.com/thorn-lab/coronavirus_structural_task_force/tree/master/pdb/3c_like_proteinase/SARS-CoV-2/5rgm,3c_like_proteinase,SARS-CoV-2,0,
5re7,,X-RAY DIFFRACTION,../pdb/3c_like_proteinase/SARS-CoV-2/5re7,https://github.com/thorn-lab/coronavirus_structural_task_force/tree/master/pdb/3c_like_proteinase/SARS-CoV-2/5re7,3c_like_proteinase,SARS-CoV-2,0,
5red,,X-RAY DIFFRACTION,../pdb/3c_like_proteinase/SARS-CoV-2/5red,https://github.com/thorn-lab/coronavirus_structural_task_force/tree/master/pdb/3c_like_proteinase/SARS-CoV-2/5red,3c_like_proteinase,SARS-CoV-2,0,
5rfi,,X-RAY DIFFRACTION,../pdb/3c_like_proteinase/SARS-CoV-2/5rfi,https://github.com/thorn-lab/coronavirus_structural_task_force/tree/master/pdb/3c_like_proteinase/SARS-CoV-2/5rfi,3c_like_proteinase,SARS-CoV-2,0,
5r84,,X-RAY DIFFRACTION,../pdb/3c_like_proteinase/SARS-CoV-2/5r84,https://github.com/thorn-lab/coronavirus_structural_task_force/tree/master/pdb/3c_like_proteinase/SARS-CoV-2/5r84,3c_like_proteinase,SARS-CoV-2,0,
5rew,,X-RAY DIFFRACTION,../pdb/3c_like_proteinase/SARS-CoV-2/5rew,https://github.com/thorn-lab/coronavirus_structural_task_force/tree/master/pdb/3c_like_proteinase/SARS-CoV-2/5rew,3c_like_proteinase,SARS-CoV-2,0,
5re8,,X-RAY DIFFRACTION,../pdb/3c_like_proteinase/SARS-CoV-2/5re8,https://github.com/thorn-lab/coronavirus_structural_task_force/tree/master/pdb/3c_like_proteinase/SARS-CoV-2/5re8,3c_like_proteinase,SARS-CoV-2,0,
6xch,,X-RAY DIFFRACTION,../pdb/3c_like_proteinase/SARS-CoV-2/6xch,https://github.com/thorn-lab/coronavirus_structural_task_force/tree/master/pdb/3c_like_proteinase/SARS-CoV-2/6xch,3c_like_proteinase,SARS-CoV-2,0,
5rfb,,X-RAY DIFFRACTION,../pdb/3c_like_proteinase/SARS-CoV-2/5rfb,https://github.com/thorn-lab/coronavirus_structural_task_force/tree/master/pdb/3c_like_proteinase/SARS-CoV-2/5rfb,3c_like_proteinase,SARS-CoV-2,0,
7buy,,X-RAY DIFFRACTION,../pdb/3c_like_proteinase/SARS-CoV-2/7buy,https://github.com/thorn-lab/coronavirus_structural_task_force/tree/master/pdb/3c_like_proteinase/SARS-CoV-2/7buy,3c_like_proteinase,SARS-CoV-2,0,
5r8t,,X-RAY DIFFRACTION,../pdb/3c_like_proteinase/SARS-CoV-2/5r8t,https://github.com/thorn-lab/coronavirus_structural_task_force/tree/master/pdb/3c_like_proteinase/SARS-CoV-2/5r8t,3c_like_proteinase,SARS-CoV-2,0,
7bqy,,X-RAY DIFFRACTION,../pdb/3c_like_proteinase/SARS-CoV-2/7bqy,https://github.com/thorn-lab/coronavirus_structural_task_force/tree/master/pdb/3c_like_proteinase/SARS-CoV-2/7bqy,3c_like_proteinase,SARS-CoV-2,0,
7c8t,,X-RAY DIFFRACTION,../pdb/3c_like_proteinase/SARS-CoV-2/7c8t,https://github.com/thorn-lab/coronavirus_structural_task_force/tree/master/pdb/3c_like_proteinase/SARS-CoV-2/7c8t,3c_like_proteinase,SARS-CoV-2,0,
6xqu,,X-RAY DIFFRACTION,../pdb/3c_like_proteinase/SARS-CoV-2/6xqu,https://github.com/thorn-lab/coronavirus_structural_task_force/tree/master/pdb/3c_like_proteinase/SARS-CoV-2/6xqu,3c_like_proteinase,SARS-CoV-2,0,
6wnp,,X-RAY DIFFRACTION,../pdb/3c_like_proteinase/SARS-CoV-2/6wnp,https://github.com/thorn-lab/coronavirus_structural_task_force/tree/master/pdb/3c_like_proteinase/SARS-CoV-2/6wnp,3c_like_proteinase,SARS-CoV-2,0,
5rgg,,X-RAY DIFFRACTION,../pdb/3c_like_proteinase/SARS-CoV-2/5rgg,https://github.com/thorn-lab/coronavirus_structural_task_force/tree/master/pdb/3c_like_proteinase/SARS-CoV-2/5rgg,3c_like_proteinase,SARS-CoV-2,0,
5rex,,X-RAY DIFFRACTION,../pdb/3c_like_proteinase/SARS-CoV-2/5rex,https://github.com/thorn-lab/coronavirus_structural_task_force/tree/master/pdb/3c_like_proteinase/SARS-CoV-2/5rex,3c_like_proteinase,SARS-CoV-2,0,
6lnq,,X-RAY DIFFRACTION,../pdb/3c_like_proteinase/SARS-CoV-2/6lnq,https://github.com/thorn-lab/coronavirus_structural_task_force/tree/master/pdb/3c_like_proteinase/SARS-CoV-2/6lnq,3c_like_proteinase,SARS-CoV-2,0,
5rf6,,X-RAY DIFFRACTION,../pdb/3c_like_proteinase/SARS-CoV-2/5rf6,https://github.com/thorn-lab/coronavirus_structural_task_force/tree/master/pdb/3c_like_proteinase/SARS-CoV-2/5rf6,3c_like_proteinase,SARS-CoV-2,0,
5rgz,,X-RAY DIFFRACTION,../pdb/3c_like_proteinase/SARS-CoV-2/5rgz,https://github.com/thorn-lab/coronavirus_structural_task_force/tree/master/pdb/3c_like_proteinase/SARS-CoV-2/5rgz,3c_like_proteinase,SARS-CoV-2,0,
5rfc,,X-RAY DIFFRACTION,../pdb/3c_like_proteinase/SARS-CoV-2/5rfc,https://github.com/thorn-lab/coronavirus_structural_task_force/tree/master/pdb/3c_like_proteinase/SARS-CoV-2/5rfc,3c_like_proteinase,SARS-CoV-2,0,
7c8u,,X-RAY DIFFRACTION,../pdb/3c_like_proteinase/SARS-CoV-2/7c8u,https://github.com/thorn-lab/coronavirus_structural_task_force/tree/master/pdb/3c_like_proteinase/SARS-CoV-2/7c8u,3c_like_proteinase,SARS-CoV-2,0,
5rgh,,X-RAY DIFFRACTION,../pdb/3c_like_proteinase/SARS-CoV-2/5rgh,https://github.com/thorn-lab/coronavirus_structural_task_force/tree/master/pdb/3c_like_proteinase/SARS-CoV-2/5rgh,3c_like_proteinase,SARS-CoV-2,0,
5rfv,,X-RAY DIFFRACTION,../pdb/3c_like_proteinase/SARS-CoV-2/5rfv,https://github.com/thorn-lab/coronavirus_structural_task_force/tree/master/pdb/3c_like_proteinase/SARS-CoV-2/5rfv,3c_like_proteinase,SARS-CoV-2,0,
5rf7,,X-RAY DIFFRACTION,../pdb/3c_like_proteinase/SARS-CoV-2/5rf7,https://github.com/thorn-lab/coronavirus_structural_task_force/tree/master/pdb/3c_like_proteinase/SARS-CoV-2/5rf7,3c_like_proteinase,SARS-CoV-2,0,
6xb1,,X-RAY DIFFRACTION,../pdb/3c_like_proteinase/SARS-CoV-2/6xb1,https://github.com/thorn-lab/coronavirus_structural_task_force/tree/master/pdb/3c_like_proteinase/SARS-CoV-2/6xb1,3c_like_proteinase,SARS-CoV-2,0,
5rfd,,X-RAY DIFFRACTION,../pdb/3c_like_proteinase/SARS-CoV-2/5rfd,https://github.com/thorn-lab/coronavirus_structural_task_force/tree/master/pdb/3c_like_proteinase/SARS-CoV-2/5rfd,3c_like_proteinase,SARS-CoV-2,0,
6y7m,,X-RAY DIFFRACTION,../pdb/3c_like_proteinase/SARS-CoV-2/6y7m,https://github.com/thorn-lab/coronavirus_structural_task_force/tree/master/pdb/3c_like_proteinase/SARS-CoV-2/6y7m,3c_like_proteinase,SARS-CoV-2,1,
5rer,,X-RAY DIFFRACTION,../pdb/3c_like_proteinase/SARS-CoV-2/5rer,https://github.com/thorn-lab/coronavirus_structural_task_force/tree/master/pdb/3c_like_proteinase/SARS-CoV-2/5rer,3c_like_proteinase,SARS-CoV-2,0,
5rgi,,X-RAY DIFFRACTION,../pdb/3c_like_proteinase/SARS-CoV-2/5rgi,https://github.com/thorn-lab/coronavirus_structural_task_force/tree/master/pdb/3c_like_proteinase/SARS-CoV-2/5rgi,3c_like_proteinase,SARS-CoV-2,0,
5rfw,,X-RAY DIFFRACTION,../pdb/3c_like_proteinase/SARS-CoV-2/5rfw,https://github.com/thorn-lab/coronavirus_structural_task_force/tree/master/pdb/3c_like_proteinase/SARS-CoV-2/5rfw,3c_like_proteinase,SARS-CoV-2,0,
6wqf,,X-RAY DIFFRACTION,../pdb/3c_like_proteinase/SARS-CoV-2/6wqf,https://github.com/thorn-lab/coronavirus_structural_task_force/tree/master/pdb/3c_like_proteinase/SARS-CoV-2/6wqf,3c_like_proteinase,SARS-CoV-2,0,
6wtt,,X-RAY DIFFRACTION,../pdb/3c_like_proteinase/SARS-CoV-2/6wtt,https://github.com/thorn-lab/coronavirus_structural_task_force/tree/master/pdb/3c_like_proteinase/SARS-CoV-2/6wtt,3c_like_proteinase,SARS-CoV-2,0,
5rf8,,X-RAY DIFFRACTION,../pdb/3c_like_proteinase/SARS-CoV-2/5rf8,https://github.com/thorn-lab/coronavirus_structural_task_force/tree/master/pdb/3c_like_proteinase/SARS-CoV-2/5rf8,3c_like_proteinase,SARS-CoV-2,0,
6xb2,,X-RAY DIFFRACTION,../pdb/3c_like_proteinase/SARS-CoV-2/6xb2,https://github.com/thorn-lab/coronavirus_structural_task_force/tree/master/pdb/3c_like_proteinase/SARS-CoV-2/6xb2,3c_like_proteinase,SARS-CoV-2,0,
5rfe,,X-RAY DIFFRACTION,../pdb/3c_like_proteinase/SARS-CoV-2/5rfe,https://github.com/thorn-lab/coronavirus_structural_task_force/tree/master/pdb/3c_like_proteinase/SARS-CoV-2/5rfe,3c_like_proteinase,SARS-CoV-2,0,
5r80,,X-RAY DIFFRACTION,../pdb/3c_like_proteinase/SARS-CoV-2/5r80,https://github.com/thorn-lab/coronavirus_structural_task_force/tree/master/pdb/3c_like_proteinase/SARS-CoV-2/5r80,3c_like_proteinase,SARS-CoV-2,0,
5res,,X-RAY DIFFRACTION,../pdb/3c_like_proteinase/SARS-CoV-2/5res,https://github.com/thorn-lab/coronavirus_structural_task_force/tree/master/pdb/3c_like_proteinase/SARS-CoV-2/5res,3c_like_proteinase,SARS-CoV-2,0,
5re4,,X-RAY DIFFRACTION,../pdb/3c_like_proteinase/SARS-CoV-2/5re4,https://github.com/thorn-lab/coronavirus_structural_task_force/tree/master/pdb/3c_like_proteinase/SARS-CoV-2/5re4,3c_like_proteinase,SARS-CoV-2,0,
5rfx,,X-RAY DIFFRACTION,../pdb/3c_like_proteinase/SARS-CoV-2/5rfx,https://github.com/thorn-lab/coronavirus_structural_task_force/tree/master/pdb/3c_like_proteinase/SARS-CoV-2/5rfx,3c_like_proteinase,SARS-CoV-2,0,
6y84,,X-RAY DIFFRACTION,../pdb/3c_like_proteinase/SARS-CoV-2/6y84,https://github.com/thorn-lab/coronavirus_structural_task_force/tree/master/pdb/3c_like_proteinase/SARS-CoV-2/6y84,3c_like_proteinase,SARS-CoV-2,0,
5rf9,,X-RAY DIFFRACTION,../pdb/3c_like_proteinase/SARS-CoV-2/5rf9,https://github.com/thorn-lab/coronavirus_structural_task_force/tree/master/pdb/3c_like_proteinase/SARS-CoV-2/5rf9,3c_like_proteinase,SARS-CoV-2,0,
6lze,,X-RAY DIFFRACTION,../pdb/3c_like_proteinase/SARS-CoV-2/6lze,https://github.com/thorn-lab/coronavirus_structural_task_force/tree/master/pdb/3c_like_proteinase/SARS-CoV-2/6lze,3c_like_proteinase,SARS-CoV-2,0,
5ret,,X-RAY DIFFRACTION,../pdb/3c_like_proteinase/SARS-CoV-2/5ret,https://github.com/thorn-lab/coronavirus_structural_task_force/tree/master/pdb/3c_like_proteinase/SARS-CoV-2/5ret,3c_like_proteinase,SARS-CoV-2,0,
6m0k,,X-RAY DIFFRACTION,../pdb/3c_like_proteinase/SARS-CoV-2/6m0k,https://github.com/thorn-lab/coronavirus_structural_task_force/tree/master/pdb/3c_like_proteinase/SARS-CoV-2/6m0k,3c_like_proteinase,SARS-CoV-2,0,
5rf2,,X-RAY DIFFRACTION,../pdb/3c_like_proteinase/SARS-CoV-2/5rf2,https://github.com/thorn-lab/coronavirus_structural_task_force/tree/master/pdb/3c_like_proteinase/SARS-CoV-2/5rf2,3c_like_proteinase,SARS-CoV-2,0,
5rfy,,X-RAY DIFFRACTION,../pdb/3c_like_proteinase/SARS-CoV-2/5rfy,https://github.com/thorn-lab/coronavirus_structural_task_force/tree/master/pdb/3c_like_proteinase/SARS-CoV-2/5rfy,3c_like_proteinase,SARS-CoV-2,0,
5rgv,,X-RAY DIFFRACTION,../pdb/3c_like_proteinase/SARS-CoV-2/5rgv,https://github.com/thorn-lab/coronavirus_structural_task_force/tree/master/pdb/3c_like_proteinase/SARS-CoV-2/5rgv,3c_like_proteinase,SARS-CoV-2,0,
5rem,,X-RAY DIFFRACTION,../pdb/3c_like_proteinase/SARS-CoV-2/5rem,https://github.com/thorn-lab/coronavirus_structural_task_force/tree/master/pdb/3c_like_proteinase/SARS-CoV-2/5rem,3c_like_proteinase,SARS-CoV-2,0,
2a5a,,X-RAY DIFFRACTION,../pdb/3c_like_proteinase/SARS-CoV/2a5a,https://github.com/thorn-lab/coronavirus_structural_task_force/tree/master/pdb/3c_like_proteinase/SARS-CoV/2a5a,3c_like_proteinase,SARS-CoV,0,
2duc,,X-RAY DIFFRACTION,../pdb/3c_like_proteinase/SARS-CoV/2duc,https://github.com/thorn-lab/coronavirus_structural_task_force/tree/master/pdb/3c_like_proteinase/SARS-CoV/2duc,3c_like_proteinase,SARS-CoV,0,
2z9j,,X-RAY DIFFRACTION,../pdb/3c_like_proteinase/SARS-CoV/2z9j,https://github.com/thorn-lab/coronavirus_structural_task_force/tree/master/pdb/3c_like_proteinase/SARS-CoV/2z9j,3c_like_proteinase,SARS-CoV,0,
2c3s,,X-RAY DIFFRACTION,../pdb/3c_like_proteinase/SARS-CoV/2c3s,https://github.com/thorn-lab/coronavirus_structural_task_force/tree/master/pdb/3c_like_proteinase/SARS-CoV/2c3s,3c_like_proteinase,SARS-CoV,0,
3m3v,,X-RAY DIFFRACTION,../pdb/3c_like_proteinase/SARS-CoV/3m3v,https://github.com/thorn-lab/coronavirus_structural_task_force/tree/master/pdb/3c_like_proteinase/SARS-CoV/3m3v,3c_like_proteinase,SARS-CoV,0,
3v3m,,X-RAY DIFFRACTION,../pdb/3c_like_proteinase/SARS-CoV/3v3m,https://github.com/thorn-lab/coronavirus_structural_task_force/tree/master/pdb/3c_like_proteinase/SARS-CoV/3v3m,3c_like_proteinase,SARS-CoV,0,
3fzd,,X-RAY DIFFRACTION,../pdb/3c_like_proteinase/SARS-CoV/3fzd,https://github.com/thorn-lab/coronavirus_structural_task_force/tree/master/pdb/3c_like_proteinase/SARS-CoV/3fzd,3c_like_proteinase,SARS-CoV,0,
2vj1,,X-RAY DIFFRACTION,../pdb/3c_like_proteinase/SARS-CoV/2vj1,https://github.com/thorn-lab/coronavirus_structural_task_force/tree/master/pdb/3c_like_proteinase/SARS-CoV/2vj1,3c_like_proteinase,SARS-CoV,0,
4hi3,,X-RAY DIFFRACTION,../pdb/3c_like_proteinase/SARS-CoV/4hi3,https://github.com/thorn-lab/coronavirus_structural_task_force/tree/master/pdb/3c_like_proteinase/SARS-CoV/4hi3,3c_like_proteinase,SARS-CoV,0,
2z9k,,X-RAY DIFFRACTION,../pdb/3c_like_proteinase/SARS-CoV/2z9k,https://github.com/thorn-lab/coronavirus_structural_task_force/tree/master/pdb/3c_like_proteinase/SARS-CoV/2z9k,3c_like_proteinase,SARS-CoV,0,
5c5n,,X-RAY DIFFRACTION,../pdb/3c_like_proteinase/SARS-CoV/5c5n,https://github.com/thorn-lab/coronavirus_structural_task_force/tree/master/pdb/3c_like_proteinase/SARS-CoV/5c5n,3c_like_proteinase,SARS-CoV,0,
3ea9,,X-RAY DIFFRACTION,../pdb/3c_like_proteinase/SARS-CoV/3ea9,https://github.com/thorn-lab/coronavirus_structural_task_force/tree/master/pdb/3c_like_proteinase/SARS-CoV/3ea9,3c_like_proteinase,SARS-CoV,0,
5c5o,,X-RAY DIFFRACTION,../pdb/3c_like_proteinase/SARS-CoV/5c5o,https://github.com/thorn-lab/coronavirus_structural_task_force/tree/master/pdb/3c_like_proteinase/SARS-CoV/5c5o,3c_like_proteinase,SARS-CoV,0,
2z3c,,X-RAY DIFFRACTION,../pdb/3c_like_proteinase/SARS-CoV/2z3c,https://github.com/thorn-lab/coronavirus_structural_task_force/tree/master/pdb/3c_like_proteinase/SARS-CoV/2z3c,3c_like_proteinase,SARS-CoV,0,
3vb5,,X-RAY DIFFRACTION,../pdb/3c_like_proteinase/SARS-CoV/3vb5,https://github.com/thorn-lab/coronavirus_structural_task_force/tree/master/pdb/3c_like_proteinase/SARS-CoV/3vb5,3c_like_proteinase,SARS-CoV,0,
4tww,,X-RAY DIFFRACTION,../pdb/3c_like_proteinase/SARS-CoV/4tww,https://github.com/thorn-lab/coronavirus_structural_task_force/tree/master/pdb/3c_like_proteinase/SARS-CoV/4tww,3c_like_proteinase,SARS-CoV,0,
5n5o,,X-RAY DIFFRACTION,../pdb/3c_like_proteinase/SARS-CoV/5n5o,https://github.com/thorn-lab/coronavirus_structural_task_force/tree/master/pdb/3c_like_proteinase/SARS-CoV/5n5o,3c_like_proteinase,SARS-CoV,0,
2z3d,,X-RAY DIFFRACTION,../pdb/3c_like_proteinase/SARS-CoV/2z3d,https://github.com/thorn-lab/coronavirus_structural_task_force/tree/master/pdb/3c_like_proteinase/SARS-CoV/2z3d,3c_like_proteinase,SARS-CoV,0,
3vb6,,X-RAY DIFFRACTION,../pdb/3c_like_proteinase/SARS-CoV/3vb6,https://github.com/thorn-lab/coronavirus_structural_task_force/tree/master/pdb/3c_like_proteinase/SARS-CoV/3vb6,3c_like_proteinase,SARS-CoV,0,
3vb7,,X-RAY DIFFRACTION,../pdb/3c_like_proteinase/SARS-CoV/3vb7,https://github.com/thorn-lab/coronavirus_structural_task_force/tree/master/pdb/3c_like_proteinase/SARS-CoV/3vb7,3c_like_proteinase,SARS-CoV,0,
2alv,,X-RAY DIFFRACTION,../pdb/3c_like_proteinase/SARS-CoV/2alv,https://github.com/thorn-lab/coronavirus_structural_task_force/tree/master/pdb/3c_like_proteinase/SARS-CoV/2alv,3c_like_proteinase,SARS-CoV,0,
2z9g,,X-RAY DIFFRACTION,../pdb/3c_like_proteinase/SARS-CoV/2z9g,https://github.com/thorn-lab/coronavirus_structural_task_force/tree/master/pdb/3c_like_proteinase/SARS-CoV/2z9g,3c_like_proteinase,SARS-CoV,0,
3m3s,,X-RAY DIFFRACTION,../pdb/3c_like_proteinase/SARS-CoV/3m3s,https://github.com/thorn-lab/coronavirus_structural_task_force/tree/master/pdb/3c_like_proteinase/SARS-CoV/3m3s,3c_like_proteinase,SARS-CoV,0,
4twy,,X-RAY DIFFRACTION,../pdb/3c_like_proteinase/SARS-CoV/4twy,https://github.com/thorn-lab/coronavirus_structural_task_force/tree/master/pdb/3c_like_proteinase/SARS-CoV/4twy,3c_like_proteinase,SARS-CoV,0,
2qcy,,X-RAY DIFFRACTION,../pdb/3c_like_proteinase/SARS-CoV/2qcy,https://github.com/thorn-lab/coronavirus_structural_task_force/tree/master/pdb/3c_like_proteinase/SARS-CoV/2qcy,3c_like_proteinase,SARS-CoV,0,
2z94,,X-RAY DIFFRACTION,../pdb/3c_like_proteinase/SARS-CoV/2z94,https://github.com/thorn-lab/coronavirus_structural_task_force/tree/master/pdb/3c_like_proteinase/SARS-CoV/2z94,3c_like_proteinase,SARS-CoV,0,
2bx3,,X-RAY DIFFRACTION,../pdb/3c_like_proteinase/SARS-CoV/2bx3,https://github.com/thorn-lab/coronavirus_structural_task_force/tree/master/pdb/3c_like_proteinase/SARS-CoV/2bx3,3c_like_proteinase,SARS-CoV,0,
3f9f,,X-RAY DIFFRACTION,../pdb/3c_like_proteinase/SARS-CoV/3f9f,https://github.com/thorn-lab/coronavirus_structural_task_force/tree/master/pdb/3c_like_proteinase/SARS-CoV/3f9f,3c_like_proteinase,SARS-CoV,0,
2a5k,,X-RAY DIFFRACTION,../pdb/3c_like_proteinase/SARS-CoV/2a5k,https://github.com/thorn-lab/coronavirus_structural_task_force/tree/master/pdb/3c_like_proteinase/SARS-CoV/2a5k,3c_like_proteinase,SARS-CoV,0,
2hob,,X-RAY DIFFRACTION,../pdb/3c_like_proteinase/SARS-CoV/2hob,https://github.com/thorn-lab/coronavirus_structural_task_force/tree/master/pdb/3c_like_proteinase/SARS-CoV/2hob,3c_like_proteinase,SARS-CoV,0,
3ea7,,X-RAY DIFFRACTION,../pdb/3c_like_proteinase/SARS-CoV/3ea7,https://github.com/thorn-lab/coronavirus_structural_task_force/tree/master/pdb/3c_like_proteinase/SARS-CoV/3ea7,3c_like_proteinase,SARS-CoV,0,
2gx4,,X-RAY DIFFRACTION,../pdb/3c_like_proteinase/SARS-CoV/2gx4,https://github.com/thorn-lab/coronavirus_structural_task_force/tree/master/pdb/3c_like_proteinase/SARS-CoV/2gx4,3c_like_proteinase,SARS-CoV,0,
2bx4,,X-RAY DIFFRACTION,../pdb/3c_like_proteinase/SARS-CoV/2bx4,https://github.com/thorn-lab/coronavirus_structural_task_force/tree/master/pdb/3c_like_proteinase/SARS-CoV/2bx4,3c_like_proteinase,SARS-CoV,0,
3f9g,,X-RAY DIFFRACTION,../pdb/3c_like_proteinase/SARS-CoV/3f9g,https://github.com/thorn-lab/coronavirus_structural_task_force/tree/master/pdb/3c_like_proteinase/SARS-CoV/3f9g,3c_like_proteinase,SARS-CoV,0,
3e91,,X-RAY DIFFRACTION,../pdb/3c_like_proteinase/SARS-CoV/3e91,https://github.com/thorn-lab/coronavirus_structural_task_force/tree/master/pdb/3c_like_proteinase/SARS-CoV/3e91,3c_like_proteinase,SARS-CoV,0,
3vb3,,X-RAY DIFFRACTION,../pdb/3c_like_proteinase/SARS-CoV/3vb3,https://github.com/thorn-lab/coronavirus_structural_task_force/tree/master/pdb/3c_like_proteinase/SARS-CoV/3vb3,3c_like_proteinase,SARS-CoV,0,
3ea8,,X-RAY DIFFRACTION,../pdb/3c_like_proteinase/SARS-CoV/3ea8,https://github.com/thorn-lab/coronavirus_structural_task_force/tree/master/pdb/3c_like_proteinase/SARS-CoV/3ea8,3c_like_proteinase,SARS-CoV,0,
2amd,,X-RAY DIFFRACTION,../pdb/3c_like_proteinase/SARS-CoV/2amd,https://github.com/thorn-lab/coronavirus_structural_task_force/tree/master/pdb/3c_like_proteinase/SARS-CoV/2amd,3c_like_proteinase,SARS-CoV,0,
2h2z,,X-RAY DIFFRACTION,../pdb/3c_like_proteinase/SARS-CoV/2h2z,https://github.com/thorn-lab/coronavirus_structural_task_force/tree/master/pdb/3c_like_proteinase/SARS-CoV/2h2z,3c_like_proteinase,SARS-CoV,0,
3f9h,,X-RAY DIFFRACTION,../pdb/3c_like_proteinase/SARS-CoV/3f9h,https://github.com/thorn-lab/coronavirus_structural_task_force/tree/master/pdb/3c_like_proteinase/SARS-CoV/3f9h,3c_like_proteinase,SARS-CoV,0,
2gtb,,X-RAY DIFFRACTION,../pdb/3c_like_proteinase/SARS-CoV/2gtb,https://github.com/thorn-lab/coronavirus_structural_task_force/tree/master/pdb/3c_like_proteinase/SARS-CoV/2gtb,3c_like_proteinase,SARS-CoV,0,
3vb4,,X-RAY DIFFRACTION,../pdb/3c_like_proteinase/SARS-CoV/3vb4,https://github.com/thorn-lab/coronavirus_structural_task_force/tree/master/pdb/3c_like_proteinase/SARS-CoV/3vb4,3c_like_proteinase,SARS-CoV,0,
1z1i,,X-RAY DIFFRACTION,../pdb/3c_like_proteinase/SARS-CoV/1z1i,https://github.com/thorn-lab/coronavirus_structural_task_force/tree/master/pdb/3c_like_proteinase/SARS-CoV/1z1i,3c_like_proteinase,SARS-CoV,0,
1q2w,,X-RAY DIFFRACTION,../pdb/3c_like_proteinase/SARS-CoV/1q2w,https://github.com/thorn-lab/coronavirus_structural_task_force/tree/master/pdb/3c_like_proteinase/SARS-CoV/1q2w,3c_like_proteinase,SARS-CoV,0,
3sne,,X-RAY DIFFRACTION,../pdb/3c_like_proteinase/SARS-CoV/3sne,https://github.com/thorn-lab/coronavirus_structural_task_force/tree/master/pdb/3c_like_proteinase/SARS-CoV/3sne,3c_like_proteinase,SARS-CoV,0,
1uj1,,X-RAY DIFFRACTION,../pdb/3c_like_proteinase/SARS-CoV/1uj1,https://github.com/thorn-lab/coronavirus_structural_task_force/tree/master/pdb/3c_like_proteinase/SARS-CoV/1uj1,3c_like_proteinase,SARS-CoV,0,
2gt7,,X-RAY DIFFRACTION,../pdb/3c_like_proteinase/SARS-CoV/2gt7,https://github.com/thorn-lab/coronavirus_structural_task_force/tree/master/pdb/3c_like_proteinase/SARS-CoV/2gt7,3c_like_proteinase,SARS-CoV,0,
2amq,,X-RAY DIFFRACTION,../pdb/3c_like_proteinase/SARS-CoV/2amq,https://github.com/thorn-lab/coronavirus_structural_task_force/tree/master/pdb/3c_like_proteinase/SARS-CoV/2amq,3c_like_proteinase,SARS-CoV,0,
1z1j,,X-RAY DIFFRACTION,../pdb/3c_like_proteinase/SARS-CoV/1z1j,https://github.com/thorn-lab/coronavirus_structural_task_force/tree/master/pdb/3c_like_proteinase/SARS-CoV/1z1j,3c_like_proteinase,SARS-CoV,0,
2gz9,,X-RAY DIFFRACTION,../pdb/3c_like_proteinase/SARS-CoV/2gz9,https://github.com/thorn-lab/coronavirus_structural_task_force/tree/master/pdb/3c_like_proteinase/SARS-CoV/2gz9,3c_like_proteinase,SARS-CoV,0,
2gt8,,X-RAY DIFFRACTION,../pdb/3c_like_proteinase/SARS-CoV/2gt8,https://github.com/thorn-lab/coronavirus_structural_task_force/tree/master/pdb/3c_like_proteinase/SARS-CoV/2gt8,3c_like_proteinase,SARS-CoV,0,
5b6o,,X-RAY DIFFRACTION,../pdb/3c_like_proteinase/SARS-CoV/5b6o,https://github.com/thorn-lab/coronavirus_structural_task_force/tree/master/pdb/3c_like_proteinase/SARS-CoV/5b6o,3c_like_proteinase,SARS-CoV,0,
3tit,,X-RAY DIFFRACTION,../pdb/3c_like_proteinase/SARS-CoV/3tit,https://github.com/thorn-lab/coronavirus_structural_task_force/tree/master/pdb/3c_like_proteinase/SARS-CoV/3tit,3c_like_proteinase,SARS-CoV,0,
3aw0,,X-RAY DIFFRACTION,../pdb/3c_like_proteinase/SARS-CoV/3aw0,https://github.com/thorn-lab/coronavirus_structural_task_force/tree/master/pdb/3c_like_proteinase/SARS-CoV/3aw0,3c_like_proteinase,SARS-CoV,0,
2a5i,,X-RAY DIFFRACTION,../pdb/3c_like_proteinase/SARS-CoV/2a5i,https://github.com/thorn-lab/coronavirus_structural_task_force/tree/master/pdb/3c_like_proteinase/SARS-CoV/2a5i,3c_like_proteinase,SARS-CoV,0,
4wy3,,X-RAY DIFFRACTION,../pdb/3c_like_proteinase/SARS-CoV/4wy3,https://github.com/thorn-lab/coronavirus_structural_task_force/tree/master/pdb/3c_like_proteinase/SARS-CoV/4wy3,3c_like_proteinase,SARS-CoV,0,
2zu5,,X-RAY DIFFRACTION,../pdb/3c_like_proteinase/SARS-CoV/2zu5,https://github.com/thorn-lab/coronavirus_structural_task_force/tree/master/pdb/3c_like_proteinase/SARS-CoV/2zu5,3c_like_proteinase,SARS-CoV,0,
2op9,,X-RAY DIFFRACTION,../pdb/3c_like_proteinase/SARS-CoV/2op9,https://github.com/thorn-lab/coronavirus_structural_task_force/tree/master/pdb/3c_like_proteinase/SARS-CoV/2op9,3c_like_proteinase,SARS-CoV,0,
1wof,,X-RAY DIFFRACTION,../pdb/3c_like_proteinase/SARS-CoV/1wof,https://github.com/thorn-lab/coronavirus_structural_task_force/tree/master/pdb/3c_like_proteinase/SARS-CoV/1wof,3c_like_proteinase,SARS-CoV,0,
2qc2,,X-RAY DIFFRACTION,../pdb/3c_like_proteinase/SARS-CoV/2qc2,https://github.com/thorn-lab/coronavirus_structural_task_force/tree/master/pdb/3c_like_proteinase/SARS-CoV/2qc2,3c_like_proteinase,SARS-CoV,0,
3tiu,,X-RAY DIFFRACTION,../pdb/3c_like_proteinase/SARS-CoV/3tiu,https://github.com/thorn-lab/coronavirus_structural_task_force/tree/master/pdb/3c_like_proteinase/SARS-CoV/3tiu,3c_like_proteinase,SARS-CoV,0,
3aw1,,X-RAY DIFFRACTION,../pdb/3c_like_proteinase/SARS-CoV/3aw1,https://github.com/thorn-lab/coronavirus_structural_task_force/tree/master/pdb/3c_like_proteinase/SARS-CoV/3aw1,3c_like_proteinase,SARS-CoV,0,
2v6n,,X-RAY DIFFRACTION,../pdb/3c_like_proteinase/SARS-CoV/2v6n,https://github.com/thorn-lab/coronavirus_structural_task_force/tree/master/pdb/3c_like_proteinase/SARS-CoV/2v6n,3c_like_proteinase,SARS-CoV,0,
3f9e,,X-RAY DIFFRACTION,../pdb/3c_like_proteinase/SARS-CoV/3f9e,https://github.com/thorn-lab/coronavirus_structural_task_force/tree/master/pdb/3c_like_proteinase/SARS-CoV/3f9e,3c_like_proteinase,SARS-CoV,0,
3sna,,X-RAY DIFFRACTION,../pdb/3c_like_proteinase/SARS-CoV/3sna,https://github.com/thorn-lab/coronavirus_structural_task_force/tree/master/pdb/3c_like_proteinase/SARS-CoV/3sna,3c_like_proteinase,SARS-CoV,0,
3tns,,X-RAY DIFFRACTION,../pdb/3c_like_proteinase/SARS-CoV/3tns,https://github.com/thorn-lab/coronavirus_structural_task_force/tree/master/pdb/3c_like_proteinase/SARS-CoV/3tns,3c_like_proteinase,SARS-CoV,0,
1uk2,,X-RAY DIFFRACTION,../pdb/3c_like_proteinase/SARS-CoV/1uk2,https://github.com/thorn-lab/coronavirus_structural_task_force/tree/master/pdb/3c_like_proteinase/SARS-CoV/1uk2,3c_like_proteinase,SARS-CoV,0,
2q6g,,X-RAY DIFFRACTION,../pdb/3c_like_proteinase/SARS-CoV/2q6g,https://github.com/thorn-lab/coronavirus_structural_task_force/tree/master/pdb/3c_like_proteinase/SARS-CoV/2q6g,3c_like_proteinase,SARS-CoV,0,
3snb,,X-RAY DIFFRACTION,../pdb/3c_like_proteinase/SARS-CoV/3snb,https://github.com/thorn-lab/coronavirus_structural_task_force/tree/master/pdb/3c_like_proteinase/SARS-CoV/3snb,3c_like_proteinase,SARS-CoV,0,
2z9l,,X-RAY DIFFRACTION,../pdb/3c_like_proteinase/SARS-CoV/2z9l,https://github.com/thorn-lab/coronavirus_structural_task_force/tree/master/pdb/3c_like_proteinase/SARS-CoV/2z9l,3c_like_proteinase,SARS-CoV,0,
3tnt,,X-RAY DIFFRACTION,../pdb/3c_like_proteinase/SARS-CoV/3tnt,https://github.com/thorn-lab/coronavirus_structural_task_force/tree/master/pdb/3c_like_proteinase/SARS-CoV/3tnt,3c_like_proteinase,SARS-CoV,0,
1uk3,,X-RAY DIFFRACTION,../pdb/3c_like_proteinase/SARS-CoV/1uk3,https://github.com/thorn-lab/coronavirus_structural_task_force/tree/master/pdb/3c_like_proteinase/SARS-CoV/1uk3,3c_like_proteinase,SARS-CoV,0,
2pwx,,X-RAY DIFFRACTION,../pdb/3c_like_proteinase/SARS-CoV/2pwx,https://github.com/thorn-lab/coronavirus_structural_task_force/tree/master/pdb/3c_like_proteinase/SARS-CoV/2pwx,3c_like_proteinase,SARS-CoV,0,
3atw,,X-RAY DIFFRACTION,../pdb/3c_like_proteinase/SARS-CoV/3atw,https://github.com/thorn-lab/coronavirus_structural_task_force/tree/master/pdb/3c_like_proteinase/SARS-CoV/3atw,3c_like_proteinase,SARS-CoV,0,
3snc,,X-RAY DIFFRACTION,../pdb/3c_like_proteinase/SARS-CoV/3snc,https://github.com/thorn-lab/coronavirus_structural_task_force/tree/master/pdb/3c_like_proteinase/SARS-CoV/3snc,3c_like_proteinase,SARS-CoV,0,
3szn,,X-RAY DIFFRACTION,../pdb/3c_like_proteinase/SARS-CoV/3szn,https://github.com/thorn-lab/coronavirus_structural_task_force/tree/master/pdb/3c_like_proteinase/SARS-CoV/3szn,3c_like_proteinase,SARS-CoV,0,
1uk4,,X-RAY DIFFRACTION,../pdb/3c_like_proteinase/SARS-CoV/1uk4,https://github.com/thorn-lab/coronavirus_structural_task_force/tree/master/pdb/3c_like_proteinase/SARS-CoV/1uk4,3c_like_proteinase,SARS-CoV,0,
3snd,,X-RAY DIFFRACTION,../pdb/3c_like_proteinase/SARS-CoV/3snd,https://github.com/thorn-lab/coronavirus_structural_task_force/tree/master/pdb/3c_like_proteinase/SARS-CoV/3snd,3c_like_proteinase,SARS-CoV,0,
2gz7,,X-RAY DIFFRACTION,../pdb/3c_like_proteinase/SARS-CoV/2gz7,https://github.com/thorn-lab/coronavirus_structural_task_force/tree/master/pdb/3c_like_proteinase/SARS-CoV/2gz7,3c_like_proteinase,SARS-CoV,0,
3avz,,X-RAY DIFFRACTION,../pdb/3c_like_proteinase/SARS-CoV/3avz,https://github.com/thorn-lab/coronavirus_structural_task_force/tree/master/pdb/3c_like_proteinase/SARS-CoV/3avz,3c_like_proteinase,SARS-CoV,0,
2z3e,,X-RAY DIFFRACTION,../pdb/3c_like_proteinase/SARS-CoV/2z3e,https://github.com/thorn-lab/coronavirus_structural_task_force/tree/master/pdb/3c_like_proteinase/SARS-CoV/2z3e,3c_like_proteinase,SARS-CoV,0,
5n19,,X-RAY DIFFRACTION,../pdb/3c_like_proteinase/SARS-CoV/5n19,https://github.com/thorn-lab/coronavirus_structural_task_force/tree/master/pdb/3c_like_proteinase/SARS-CoV/5n19,3c_like_proteinase,SARS-CoV,0,
3sn8,,X-RAY DIFFRACTION,../pdb/3c_like_proteinase/SARS-CoV/3sn8,https://github.com/thorn-lab/coronavirus_structural_task_force/tree/master/pdb/3c_like_proteinase/SARS-CoV/3sn8,3c_like_proteinase,SARS-CoV,0,
2gz8,,X-RAY DIFFRACTION,../pdb/3c_like_proteinase/SARS-CoV/2gz8,https://github.com/thorn-lab/coronavirus_structural_task_force/tree/master/pdb/3c_like_proteinase/SARS-CoV/2gz8,3c_like_proteinase,SARS-CoV,0,
3ebn,,X-RAY DIFFRACTION,../pdb/3c_like_proteinase/SARS-CoV/3ebn,https://github.com/thorn-lab/coronavirus_structural_task_force/tree/master/pdb/3c_like_proteinase/SARS-CoV/3ebn,3c_like_proteinase,SARS-CoV,0,
3iwm,,X-RAY DIFFRACTION,../pdb/3c_like_proteinase/SARS-CoV/3iwm,https://github.com/thorn-lab/coronavirus_structural_task_force/tree/master/pdb/3c_like_proteinase/SARS-CoV/3iwm,3c_like_proteinase,SARS-CoV,0,
3eaj,,X-RAY DIFFRACTION,../pdb/3c_like_proteinase/SARS-CoV/3eaj,https://github.com/thorn-lab/coronavirus_structural_task_force/tree/master/pdb/3c_like_proteinase/SARS-CoV/3eaj,3c_like_proteinase,SARS-CoV,0,
3m3t,,X-RAY DIFFRACTION,../pdb/3c_like_proteinase/SARS-CoV/3m3t,https://github.com/thorn-lab/coronavirus_structural_task_force/tree/master/pdb/3c_like_proteinase/SARS-CoV/3m3t,3c_like_proteinase,SARS-CoV,0,
3d62,,X-RAY DIFFRACTION,../pdb/3c_like_proteinase/SARS-CoV/3d62,https://github.com/thorn-lab/coronavirus_structural_task_force/tree/master/pdb/3c_like_proteinase/SARS-CoV/3d62,3c_like_proteinase,SARS-CoV,0,
4mds,,X-RAY DIFFRACTION,../pdb/3c_like_proteinase/SARS-CoV/4mds,https://github.com/thorn-lab/coronavirus_structural_task_force/tree/master/pdb/3c_like_proteinase/SARS-CoV/4mds,3c_like_proteinase,SARS-CoV,0,
2d2d,,X-RAY DIFFRACTION,../pdb/3c_like_proteinase/SARS-CoV/2d2d,https://github.com/thorn-lab/coronavirus_structural_task_force/tree/master/pdb/3c_like_proteinase/SARS-CoV/2d2d,3c_like_proteinase,SARS-CoV,0,
2qiq,,X-RAY DIFFRACTION,../pdb/3c_like_proteinase/SARS-CoV/2qiq,https://github.com/thorn-lab/coronavirus_structural_task_force/tree/master/pdb/3c_like_proteinase/SARS-CoV/2qiq,3c_like_proteinase,SARS-CoV,0,
2zu4,,X-RAY DIFFRACTION,../pdb/3c_like_proteinase/SARS-CoV/2zu4,https://github.com/thorn-lab/coronavirus_structural_task_force/tree/master/pdb/3c_like_proteinase/SARS-CoV/2zu4,3c_like_proteinase,SARS-CoV,0,
6wxc,,X-RAY DIFFRACTION,../pdb/endornase/SARS-CoV-2/6wxc,https://github.com/thorn-lab/coronavirus_structural_task_force/tree/master/pdb/endornase/SARS-CoV-2/6wxc,endornase,SARS-CoV-2,0,
6vww,,X-RAY DIFFRACTION,../pdb/endornase/SARS-CoV-2/6vww,https://github.com/thorn-lab/coronavirus_structural_task_force/tree/master/pdb/endornase/SARS-CoV-2/6vww,endornase,SARS-CoV-2,1,
6xdh,,X-RAY DIFFRACTION,../pdb/endornase/SARS-CoV-2/6xdh,https://github.com/thorn-lab/coronavirus_structural_task_force/tree/master/pdb/endornase/SARS-CoV-2/6xdh,endornase,SARS-CoV-2,0,
6x4i,,X-RAY DIFFRACTION,../pdb/endornase/SARS-CoV-2/6x4i,https://github.com/thorn-lab/coronavirus_structural_task_force/tree/master/pdb/endornase/SARS-CoV-2/6x4i,endornase,SARS-CoV-2,0,
6wlc,,X-RAY DIFFRACTION,../pdb/endornase/SARS-CoV-2/6wlc,https://github.com/thorn-lab/coronavirus_structural_task_force/tree/master/pdb/endornase/SARS-CoV-2/6wlc,endornase,SARS-CoV-2,0,
6w01,,X-RAY DIFFRACTION,../pdb/endornase/SARS-CoV-2/6w01,https://github.com/thorn-lab/coronavirus_structural_task_force/tree/master/pdb/endornase/SARS-CoV-2/6w01,endornase,SARS-CoV-2,0,
6x1b,,X-RAY DIFFRACTION,../pdb/endornase/SARS-CoV-2/6x1b,https://github.com/thorn-lab/coronavirus_structural_task_force/tree/master/pdb/endornase/SARS-CoV-2/6x1b,endornase,SARS-CoV-2,0,
2ozk,,X-RAY DIFFRACTION,../pdb/endornase/SARS-CoV/2ozk,https://github.com/thorn-lab/coronavirus_structural_task_force/tree/master/pdb/endornase/SARS-CoV/2ozk,endornase,SARS-CoV,0,
5c8t,,X-RAY DIFFRACTION,../pdb/exonuclease-nsp10/SARS-CoV/5c8t,https://github.com/thorn-lab/coronavirus_structural_task_force/tree/master/pdb/exonuclease-nsp10/SARS-CoV/5c8t,exonuclease-nsp10,SARS-CoV,1,
5c8u,,X-RAY DIFFRACTION,../pdb/exonuclease-nsp10/SARS-CoV/5c8u,https://github.com/thorn-lab/coronavirus_structural_task_force/tree/master/pdb/exonuclease-nsp10/SARS-CoV/5c8u,exonuclease-nsp10,SARS-CoV,0,
5nfy,,X-RAY DIFFRACTION,../pdb/exonuclease-nsp10/SARS-CoV/5nfy,https://github.com/thorn-lab/coronavirus_structural_task_force/tree/master/pdb/exonuclease-nsp10/SARS-CoV/5nfy,exonuclease-nsp10,SARS-CoV,1,
5c8s,,X-RAY DIFFRACTION,../pdb/exonuclease-nsp10/SARS-CoV/5c8s,https://github.com/thorn-lab/coronavirus_structural_task_force/tree/master/pdb/exonuclease-nsp10/SARS-CoV/5c8s,exonuclease-nsp10,SARS-CoV,0,
6jyt,,X-RAY DIFFRACTION,../pdb/helicase/SARS-CoV/6jyt,https://github.com/thorn-lab/coronavirus_structural_task_force/tree/master/pdb/helicase/SARS-CoV/6jyt,helicase,SARS-CoV,1,
6ezx,,X-RAY DIFFRACTION,../pdb/human_interaction_partners/Cathepsin_L/6ezx,https://github.com/thorn-lab/coronavirus_structural_task_force/tree/master/pdb/human_interaction_partners/Cathepsin_L/6ezx,human_interaction_partners,Cathepsin_L,0,
5i4h,,X-RAY DIFFRACTION,../pdb/human_interaction_partners/Cathepsin_L/5i4h,https://github.com/thorn-lab/coronavirus_structural_task_force/tree/master/pdb/human_interaction_partners/Cathepsin_L/5i4h,human_interaction_partners,Cathepsin_L,0,
2yj2,,X-RAY DIFFRACTION,../pdb/human_interaction_partners/Cathepsin_L/2yj2,https://github.com/thorn-lab/coronavirus_structural_task_force/tree/master/pdb/human_interaction_partners/Cathepsin_L/2yj2,human_interaction_partners,Cathepsin_L,0,
1mhw,,X-RAY DIFFRACTION,../pdb/human_interaction_partners/Cathepsin_L/1mhw,https://github.com/thorn-lab/coronavirus_structural_task_force/tree/master/pdb/human_interaction_partners/Cathepsin_L/1mhw,human_interaction_partners,Cathepsin_L,0,
3iv2,,X-RAY DIFFRACTION,../pdb/human_interaction_partners/Cathepsin_L/3iv2,https://github.com/thorn-lab/coronavirus_structural_task_force/tree/master/pdb/human_interaction_partners/Cathepsin_L/3iv2,human_interaction_partners,Cathepsin_L,0,
6jd0,,X-RAY DIFFRACTION,../pdb/human_interaction_partners/Cathepsin_L/6jd0,https://github.com/thorn-lab/coronavirus_structural_task_force/tree/master/pdb/human_interaction_partners/Cathepsin_L/6jd0,human_interaction_partners,Cathepsin_L,0,
3hwn,,X-RAY DIFFRACTION,../pdb/human_interaction_partners/Cathepsin_L/3hwn,https://github.com/thorn-lab/coronavirus_structural_task_force/tree/master/pdb/human_interaction_partners/Cathepsin_L/3hwn,human_interaction_partners,Cathepsin_L,0,
1icf,,X-RAY DIFFRACTION,../pdb/human_interaction_partners/Cathepsin_L/1icf,https://github.com/thorn-lab/coronavirus_structural_task_force/tree/master/pdb/human_interaction_partners/Cathepsin_L/1icf,human_interaction_partners,Cathepsin_L,0,
3k24,,X-RAY DIFFRACTION,../pdb/human_interaction_partners/Cathepsin_L/3k24,https://github.com/thorn-lab/coronavirus_structural_task_force/tree/master/pdb/human_interaction_partners/Cathepsin_L/3k24,human_interaction_partners,Cathepsin_L,0,
6f06,,X-RAY DIFFRACTION,../pdb/human_interaction_partners/Cathepsin_L/6f06,https://github.com/thorn-lab/coronavirus_structural_task_force/tree/master/pdb/human_interaction_partners/Cathepsin_L/6f06,human_interaction_partners,Cathepsin_L,0,
2nqd,,X-RAY DIFFRACTION,../pdb/human_interaction_partners/Cathepsin_L/2nqd,https://github.com/thorn-lab/coronavirus_structural_task_force/tree/master/pdb/human_interaction_partners/Cathepsin_L/2nqd,human_interaction_partners,Cathepsin_L,0,
6ezp,,X-RAY DIFFRACTION,../pdb/human_interaction_partners/Cathepsin_L/6ezp,https://github.com/thorn-lab/coronavirus_structural_task_force/tree/master/pdb/human_interaction_partners/Cathepsin_L/6ezp,human_interaction_partners,Cathepsin_L,0,
5mqy,,X-RAY DIFFRACTION,../pdb/human_interaction_partners/Cathepsin_L/5mqy,https://github.com/thorn-lab/coronavirus_structural_task_force/tree/master/pdb/human_interaction_partners/Cathepsin_L/5mqy,human_interaction_partners,Cathepsin_L,0,
3h89,,X-RAY DIFFRACTION,../pdb/human_interaction_partners/Cathepsin_L/3h89,https://github.com/thorn-lab/coronavirus_structural_task_force/tree/master/pdb/human_interaction_partners/Cathepsin_L/3h89,human_interaction_partners,Cathepsin_L,0,
3of8,,X-RAY DIFFRACTION,../pdb/human_interaction_partners/Cathepsin_L/3of8,https://github.com/thorn-lab/coronavirus_structural_task_force/tree/master/pdb/human_interaction_partners/Cathepsin_L/3of8,human_interaction_partners,Cathepsin_L,0,
2xu3,,X-RAY DIFFRACTION,../pdb/human_interaction_partners/Cathepsin_L/2xu3,https://github.com/thorn-lab/coronavirus_structural_task_force/tree/master/pdb/human_interaction_partners/Cathepsin_L/2xu3,human_interaction_partners,Cathepsin_L,0,
3of9,,X-RAY DIFFRACTION,../pdb/human_interaction_partners/Cathepsin_L/3of9,https://github.com/thorn-lab/coronavirus_structural_task_force/tree/master/pdb/human_interaction_partners/Cathepsin_L/3of9,human_interaction_partners,Cathepsin_L,0,
2xu4,,X-RAY DIFFRACTION,../pdb/human_interaction_partners/Cathepsin_L/2xu4,https://github.com/thorn-lab/coronavirus_structural_task_force/tree/master/pdb/human_interaction_partners/Cathepsin_L/2xu4,human_interaction_partners,Cathepsin_L,0,
3kse,,X-RAY DIFFRACTION,../pdb/human_interaction_partners/Cathepsin_L/3kse,https://github.com/thorn-lab/coronavirus_structural_task_force/tree/master/pdb/human_interaction_partners/Cathepsin_L/3kse,human_interaction_partners,Cathepsin_L,0,
2yj8,,X-RAY DIFFRACTION,../pdb/human_interaction_partners/Cathepsin_L/2yj8,https://github.com/thorn-lab/coronavirus_structural_task_force/tree/master/pdb/human_interaction_partners/Cathepsin_L/2yj8,human_interaction_partners,Cathepsin_L,0,
2xu5,,X-RAY DIFFRACTION,../pdb/human_interaction_partners/Cathepsin_L/2xu5,https://github.com/thorn-lab/coronavirus_structural_task_force/tree/master/pdb/human_interaction_partners/Cathepsin_L/2xu5,human_interaction_partners,Cathepsin_L,0,
5maj,,X-RAY DIFFRACTION,../pdb/human_interaction_partners/Cathepsin_L/5maj,https://github.com/thorn-lab/coronavirus_structural_task_force/tree/master/pdb/human_interaction_partners/Cathepsin_L/5maj,human_interaction_partners,Cathepsin_L,0,
1cjl,,X-RAY DIFFRACTION,../pdb/human_interaction_partners/Cathepsin_L/1cjl,https://github.com/thorn-lab/coronavirus_structural_task_force/tree/master/pdb/human_interaction_partners/Cathepsin_L/1cjl,human_interaction_partners,Cathepsin_L,0,
2yj9,,X-RAY DIFFRACTION,../pdb/human_interaction_partners/Cathepsin_L/2yj9,https://github.com/thorn-lab/coronavirus_structural_task_force/tree/master/pdb/human_interaction_partners/Cathepsin_L/2yj9,human_interaction_partners,Cathepsin_L,0,
3hha,,X-RAY DIFFRACTION,../pdb/human_interaction_partners/Cathepsin_L/3hha,https://github.com/thorn-lab/coronavirus_structural_task_force/tree/master/pdb/human_interaction_partners/Cathepsin_L/3hha,human_interaction_partners,Cathepsin_L,0,
3h8b,,X-RAY DIFFRACTION,../pdb/human_interaction_partners/Cathepsin_L/3h8b,https://github.com/thorn-lab/coronavirus_structural_task_force/tree/master/pdb/human_interaction_partners/Cathepsin_L/3h8b,human_interaction_partners,Cathepsin_L,0,
5f02,,X-RAY DIFFRACTION,../pdb/human_interaction_partners/Cathepsin_L/5f02,https://github.com/thorn-lab/coronavirus_structural_task_force/tree/master/pdb/human_interaction_partners/Cathepsin_L/5f02,human_interaction_partners,Cathepsin_L,0,
3h8c,,X-RAY DIFFRACTION,../pdb/human_interaction_partners/Cathepsin_L/3h8c,https://github.com/thorn-lab/coronavirus_structural_task_force/tree/master/pdb/human_interaction_partners/Cathepsin_L/3h8c,human_interaction_partners,Cathepsin_L,0,
5mae,,X-RAY DIFFRACTION,../pdb/human_interaction_partners/Cathepsin_L/5mae,https://github.com/thorn-lab/coronavirus_structural_task_force/tree/master/pdb/human_interaction_partners/Cathepsin_L/5mae,human_interaction_partners,Cathepsin_L,0,
3bc3,,X-RAY DIFFRACTION,../pdb/human_interaction_partners/Cathepsin_L/3bc3,https://github.com/thorn-lab/coronavirus_structural_task_force/tree/master/pdb/human_interaction_partners/Cathepsin_L/3bc3,human_interaction_partners,Cathepsin_L,0,
1cs8,,X-RAY DIFFRACTION,../pdb/human_interaction_partners/Cathepsin_L/1cs8,https://github.com/thorn-lab/coronavirus_structural_task_force/tree/master/pdb/human_interaction_partners/Cathepsin_L/1cs8,human_interaction_partners,Cathepsin_L,0,
2xu1,,X-RAY DIFFRACTION,../pdb/human_interaction_partners/Cathepsin_L/2xu1,https://github.com/thorn-lab/coronavirus_structural_task_force/tree/master/pdb/human_interaction_partners/Cathepsin_L/2xu1,human_interaction_partners,Cathepsin_L,0,
4axl,,X-RAY DIFFRACTION,../pdb/human_interaction_partners/Cathepsin_L/4axl,https://github.com/thorn-lab/coronavirus_structural_task_force/tree/master/pdb/human_interaction_partners/Cathepsin_L/4axl,human_interaction_partners,Cathepsin_L,0,
6jd8,,X-RAY DIFFRACTION,../pdb/human_interaction_partners/Cathepsin_L/6jd8,https://github.com/thorn-lab/coronavirus_structural_task_force/tree/master/pdb/human_interaction_partners/Cathepsin_L/6jd8,human_interaction_partners,Cathepsin_L,0,
2vhs,,X-RAY DIFFRACTION,../pdb/human_interaction_partners/Cathepsin_L/2vhs,https://github.com/thorn-lab/coronavirus_structural_task_force/tree/master/pdb/human_interaction_partners/Cathepsin_L/2vhs,human_interaction_partners,Cathepsin_L,0,
2yjb,,X-RAY DIFFRACTION,../pdb/human_interaction_partners/Cathepsin_L/2yjb,https://github.com/thorn-lab/coronavirus_structural_task_force/tree/master/pdb/human_interaction_partners/Cathepsin_L/2yjb,human_interaction_partners,Cathepsin_L,0,
4axm,,X-RAY DIFFRACTION,../pdb/human_interaction_partners/Cathepsin_L/4axm,https://github.com/thorn-lab/coronavirus_structural_task_force/tree/master/pdb/human_interaction_partners/Cathepsin_L/4axm,human_interaction_partners,Cathepsin_L,0,
2yjc,,X-RAY DIFFRACTION,../pdb/human_interaction_partners/Cathepsin_L/2yjc,https://github.com/thorn-lab/coronavirus_structural_task_force/tree/master/pdb/human_interaction_partners/Cathepsin_L/2yjc,human_interaction_partners,Cathepsin_L,0,
5amc,,X-RAY DIFFRACTION,../pdb/human_interaction_partners/ACE2/5amc,https://github.com/thorn-lab/coronavirus_structural_task_force/tree/master/pdb/human_interaction_partners/ACE2/5amc,human_interaction_partners,ACE2,0,
2c6f,,X-RAY DIFFRACTION,../pdb/human_interaction_partners/ACE2/2c6f,https://github.com/thorn-lab/coronavirus_structural_task_force/tree/master/pdb/human_interaction_partners/ACE2/2c6f,human_interaction_partners,ACE2,0,
6h5w,,X-RAY DIFFRACTION,../pdb/human_interaction_partners/ACE2/6h5w,https://github.com/thorn-lab/coronavirus_structural_task_force/tree/master/pdb/human_interaction_partners/ACE2/6h5w,human_interaction_partners,ACE2,0,
2ydm,,X-RAY DIFFRACTION,../pdb/human_interaction_partners/ACE2/2ydm,https://github.com/thorn-lab/coronavirus_structural_task_force/tree/master/pdb/human_interaction_partners/ACE2/2ydm,human_interaction_partners,ACE2,0,
3scl,,X-RAY DIFFRACTION,../pdb/human_interaction_partners/ACE2/3scl,https://github.com/thorn-lab/coronavirus_structural_task_force/tree/master/pdb/human_interaction_partners/ACE2/3scl,human_interaction_partners,ACE2,0,
2xyd,,X-RAY DIFFRACTION,../pdb/human_interaction_partners/ACE2/2xyd,https://github.com/thorn-lab/coronavirus_structural_task_force/tree/master/pdb/human_interaction_partners/ACE2/2xyd,human_interaction_partners,ACE2,0,
3kbh,,X-RAY DIFFRACTION,../pdb/human_interaction_partners/ACE2/3kbh,https://github.com/thorn-lab/coronavirus_structural_task_force/tree/master/pdb/human_interaction_partners/ACE2/3kbh,human_interaction_partners,ACE2,0,
5am8,,X-RAY DIFFRACTION,../pdb/human_interaction_partners/ACE2/5am8,https://github.com/thorn-lab/coronavirus_structural_task_force/tree/master/pdb/human_interaction_partners/ACE2/5am8,human_interaction_partners,ACE2,0,
1r4l,,X-RAY DIFFRACTION,../pdb/human_interaction_partners/ACE2/1r4l,https://github.com/thorn-lab/coronavirus_structural_task_force/tree/master/pdb/human_interaction_partners/ACE2/1r4l,human_interaction_partners,ACE2,0,
2xy9,,X-RAY DIFFRACTION,../pdb/human_interaction_partners/ACE2/2xy9,https://github.com/thorn-lab/coronavirus_structural_task_force/tree/master/pdb/human_interaction_partners/ACE2/2xy9,human_interaction_partners,ACE2,0,
5am9,,X-RAY DIFFRACTION,../pdb/human_interaction_partners/ACE2/5am9,https://github.com/thorn-lab/coronavirus_structural_task_force/tree/master/pdb/human_interaction_partners/ACE2/5am9,human_interaction_partners,ACE2,0,
2iux,,X-RAY DIFFRACTION,../pdb/human_interaction_partners/ACE2/2iux,https://github.com/thorn-lab/coronavirus_structural_task_force/tree/master/pdb/human_interaction_partners/ACE2/2iux,human_interaction_partners,ACE2,0,
4ca5,,X-RAY DIFFRACTION,../pdb/human_interaction_partners/ACE2/4ca5,https://github.com/thorn-lab/coronavirus_structural_task_force/tree/master/pdb/human_interaction_partners/ACE2/4ca5,human_interaction_partners,ACE2,0,
3sci,,X-RAY DIFFRACTION,../pdb/human_interaction_partners/ACE2/3sci,https://github.com/thorn-lab/coronavirus_structural_task_force/tree/master/pdb/human_interaction_partners/ACE2/3sci,human_interaction_partners,ACE2,0,
3bkk,,X-RAY DIFFRACTION,../pdb/human_interaction_partners/ACE2/3bkk,https://github.com/thorn-lab/coronavirus_structural_task_force/tree/master/pdb/human_interaction_partners/ACE2/3bkk,human_interaction_partners,ACE2,0,
5ama,,X-RAY DIFFRACTION,../pdb/human_interaction_partners/ACE2/5ama,https://github.com/thorn-lab/coronavirus_structural_task_force/tree/master/pdb/human_interaction_partners/ACE2/5ama,human_interaction_partners,ACE2,0,
1o8a,,X-RAY DIFFRACTION,../pdb/human_interaction_partners/ACE2/1o8a,https://github.com/thorn-lab/coronavirus_structural_task_force/tree/master/pdb/human_interaction_partners/ACE2/1o8a,human_interaction_partners,ACE2,0,
3d0g,,X-RAY DIFFRACTION,../pdb/human_interaction_partners/ACE2/3d0g,https://github.com/thorn-lab/coronavirus_structural_task_force/tree/master/pdb/human_interaction_partners/ACE2/3d0g,human_interaction_partners,ACE2,0,
3scj,,X-RAY DIFFRACTION,../pdb/human_interaction_partners/ACE2/3scj,https://github.com/thorn-lab/coronavirus_structural_task_force/tree/master/pdb/human_interaction_partners/ACE2/3scj,human_interaction_partners,ACE2,0,
4ufa,,X-RAY DIFFRACTION,../pdb/human_interaction_partners/ACE2/4ufa,https://github.com/thorn-lab/coronavirus_structural_task_force/tree/master/pdb/human_interaction_partners/ACE2/4ufa,human_interaction_partners,ACE2,0,
6vw1,,X-RAY DIFFRACTION,../pdb/human_interaction_partners/ACE2/6vw1,https://github.com/thorn-lab/coronavirus_structural_task_force/tree/master/pdb/human_interaction_partners/ACE2/6vw1,human_interaction_partners,ACE2,0,
2oc2,,X-RAY DIFFRACTION,../pdb/human_interaction_partners/ACE2/2oc2,https://github.com/thorn-lab/coronavirus_structural_task_force/tree/master/pdb/human_interaction_partners/ACE2/2oc2,human_interaction_partners,ACE2,0,
6qs1,,X-RAY DIFFRACTION,../pdb/human_interaction_partners/ACE2/6qs1,https://github.com/thorn-lab/coronavirus_structural_task_force/tree/master/pdb/human_interaction_partners/ACE2/6qs1,human_interaction_partners,ACE2,0,
3d0h,,X-RAY DIFFRACTION,../pdb/human_interaction_partners/ACE2/3d0h,https://github.com/thorn-lab/coronavirus_structural_task_force/tree/master/pdb/human_interaction_partners/ACE2/3d0h,human_interaction_partners,ACE2,0,
4ufb,,X-RAY DIFFRACTION,../pdb/human_interaction_partners/ACE2/4ufb,https://github.com/thorn-lab/coronavirus_structural_task_force/tree/master/pdb/human_interaction_partners/ACE2/4ufb,human_interaction_partners,ACE2,0,
1o86,,X-RAY DIFFRACTION,../pdb/human_interaction_partners/ACE2/1o86,https://github.com/thorn-lab/coronavirus_structural_task_force/tree/master/pdb/human_interaction_partners/ACE2/1o86,human_interaction_partners,ACE2,0,
1uzf,,X-RAY DIFFRACTION,../pdb/human_interaction_partners/ACE2/1uzf,https://github.com/thorn-lab/coronavirus_structural_task_force/tree/master/pdb/human_interaction_partners/ACE2/1uzf,human_interaction_partners,ACE2,0,
3d0i,,X-RAY DIFFRACTION,../pdb/human_interaction_partners/ACE2/3d0i,https://github.com/thorn-lab/coronavirus_structural_task_force/tree/master/pdb/human_interaction_partners/ACE2/3d0i,human_interaction_partners,ACE2,0,
4aph,,X-RAY DIFFRACTION,../pdb/human_interaction_partners/ACE2/4aph,https://github.com/thorn-lab/coronavirus_structural_task_force/tree/master/pdb/human_interaction_partners/ACE2/4aph,human_interaction_partners,ACE2,0,
4c2p,,X-RAY DIFFRACTION,../pdb/human_interaction_partners/ACE2/4c2p,https://github.com/thorn-lab/coronavirus_structural_task_force/tree/master/pdb/human_interaction_partners/ACE2/4c2p,human_interaction_partners,ACE2,0,
6lzg,,X-RAY DIFFRACTION,../pdb/human_interaction_partners/ACE2/6lzg,https://github.com/thorn-lab/coronavirus_structural_task_force/tree/master/pdb/human_interaction_partners/ACE2/6lzg,human_interaction_partners,ACE2,0,
4bxk,,X-RAY DIFFRACTION,../pdb/human_interaction_partners/ACE2/4bxk,https://github.com/thorn-lab/coronavirus_structural_task_force/tree/master/pdb/human_interaction_partners/ACE2/4bxk,human_interaction_partners,ACE2,0,
6f9t,,X-RAY DIFFRACTION,../pdb/human_interaction_partners/ACE2/6f9t,https://github.com/thorn-lab/coronavirus_structural_task_force/tree/master/pdb/human_interaction_partners/ACE2/6f9t,human_interaction_partners,ACE2,0,
4c2q,,X-RAY DIFFRACTION,../pdb/human_interaction_partners/ACE2/4c2q,https://github.com/thorn-lab/coronavirus_structural_task_force/tree/master/pdb/human_interaction_partners/ACE2/4c2q,human_interaction_partners,ACE2,0,
4apj,,X-RAY DIFFRACTION,../pdb/human_interaction_partners/ACE2/4apj,https://github.com/thorn-lab/coronavirus_structural_task_force/tree/master/pdb/human_interaction_partners/ACE2/4apj,human_interaction_partners,ACE2,0,
6f9u,,X-RAY DIFFRACTION,../pdb/human_interaction_partners/ACE2/6f9u,https://github.com/thorn-lab/coronavirus_structural_task_force/tree/master/pdb/human_interaction_partners/ACE2/6f9u,human_interaction_partners,ACE2,0,
4c2r,,X-RAY DIFFRACTION,../pdb/human_interaction_partners/ACE2/4c2r,https://github.com/thorn-lab/coronavirus_structural_task_force/tree/master/pdb/human_interaction_partners/ACE2/4c2r,human_interaction_partners,ACE2,0,
1r42,,X-RAY DIFFRACTION,../pdb/human_interaction_partners/ACE2/1r42,https://github.com/thorn-lab/coronavirus_structural_task_force/tree/master/pdb/human_interaction_partners/ACE2/1r42,human_interaction_partners,ACE2,1,
6f9v,,X-RAY DIFFRACTION,../pdb/human_interaction_partners/ACE2/6f9v,https://github.com/thorn-lab/coronavirus_structural_task_force/tree/master/pdb/human_interaction_partners/ACE2/6f9v,human_interaction_partners,ACE2,0,
2c6n,,X-RAY DIFFRACTION,../pdb/human_interaction_partners/ACE2/2c6n,https://github.com/thorn-lab/coronavirus_structural_task_force/tree/master/pdb/human_interaction_partners/ACE2/2c6n,human_interaction_partners,ACE2,0,
6en5,,X-RAY DIFFRACTION,../pdb/human_interaction_partners/ACE2/6en5,https://github.com/thorn-lab/coronavirus_structural_task_force/tree/master/pdb/human_interaction_partners/ACE2/6en5,human_interaction_partners,ACE2,0,
6h5x,,X-RAY DIFFRACTION,../pdb/human_interaction_partners/ACE2/6h5x,https://github.com/thorn-lab/coronavirus_structural_task_force/tree/master/pdb/human_interaction_partners/ACE2/6h5x,human_interaction_partners,ACE2,0,
2iul,,X-RAY DIFFRACTION,../pdb/human_interaction_partners/ACE2/2iul,https://github.com/thorn-lab/coronavirus_structural_task_force/tree/master/pdb/human_interaction_partners/ACE2/2iul,human_interaction_partners,ACE2,0,
2ajf,,X-RAY DIFFRACTION,../pdb/human_interaction_partners/ACE2/2ajf,https://github.com/thorn-lab/coronavirus_structural_task_force/tree/master/pdb/human_interaction_partners/ACE2/2ajf,human_interaction_partners,ACE2,0,
6en6,,X-RAY DIFFRACTION,../pdb/human_interaction_partners/ACE2/6en6,https://github.com/thorn-lab/coronavirus_structural_task_force/tree/master/pdb/human_interaction_partners/ACE2/6en6,human_interaction_partners,ACE2,0,
1uze,,X-RAY DIFFRACTION,../pdb/human_interaction_partners/ACE2/1uze,https://github.com/thorn-lab/coronavirus_structural_task_force/tree/master/pdb/human_interaction_partners/ACE2/1uze,human_interaction_partners,ACE2,0,
3l3n,,X-RAY DIFFRACTION,../pdb/human_interaction_partners/ACE2/3l3n,https://github.com/thorn-lab/coronavirus_structural_task_force/tree/master/pdb/human_interaction_partners/ACE2/3l3n,human_interaction_partners,ACE2,0,
6m0j,,X-RAY DIFFRACTION,../pdb/human_interaction_partners/ACE2/6m0j,https://github.com/thorn-lab/coronavirus_structural_task_force/tree/master/pdb/human_interaction_partners/ACE2/6m0j,human_interaction_partners,ACE2,0,
4c2n,,X-RAY DIFFRACTION,../pdb/human_interaction_partners/ACE2/4c2n,https://github.com/thorn-lab/coronavirus_structural_task_force/tree/master/pdb/human_interaction_partners/ACE2/4c2n,human_interaction_partners,ACE2,0,
4bzr,,X-RAY DIFFRACTION,../pdb/human_interaction_partners/ACE2/4bzr,https://github.com/thorn-lab/coronavirus_structural_task_force/tree/master/pdb/human_interaction_partners/ACE2/4bzr,human_interaction_partners,ACE2,0,
6f9r,,X-RAY DIFFRACTION,../pdb/human_interaction_partners/ACE2/6f9r,https://github.com/thorn-lab/coronavirus_structural_task_force/tree/master/pdb/human_interaction_partners/ACE2/6f9r,human_interaction_partners,ACE2,0,
4c2o,,X-RAY DIFFRACTION,../pdb/human_interaction_partners/ACE2/4c2o,https://github.com/thorn-lab/coronavirus_structural_task_force/tree/master/pdb/human_interaction_partners/ACE2/4c2o,human_interaction_partners,ACE2,0,
4bzs,,X-RAY DIFFRACTION,../pdb/human_interaction_partners/ACE2/4bzs,https://github.com/thorn-lab/coronavirus_structural_task_force/tree/master/pdb/human_interaction_partners/ACE2/4bzs,human_interaction_partners,ACE2,0,
4ca6,,X-RAY DIFFRACTION,../pdb/human_interaction_partners/ACE2/4ca6,https://github.com/thorn-lab/coronavirus_structural_task_force/tree/master/pdb/human_interaction_partners/ACE2/4ca6,human_interaction_partners,ACE2,0,
3nxq,,X-RAY DIFFRACTION,../pdb/human_interaction_partners/ACE2/3nxq,https://github.com/thorn-lab/coronavirus_structural_task_force/tree/master/pdb/human_interaction_partners/ACE2/3nxq,human_interaction_partners,ACE2,0,
3bkl,,X-RAY DIFFRACTION,../pdb/human_interaction_partners/ACE2/3bkl,https://github.com/thorn-lab/coronavirus_structural_task_force/tree/master/pdb/human_interaction_partners/ACE2/3bkl,human_interaction_partners,ACE2,0,
5amb,,X-RAY DIFFRACTION,../pdb/human_interaction_partners/ACE2/5amb,https://github.com/thorn-lab/coronavirus_structural_task_force/tree/master/pdb/human_interaction_partners/ACE2/5amb,human_interaction_partners,ACE2,0,
3sck,,X-RAY DIFFRACTION,../pdb/human_interaction_partners/ACE2/3sck,https://github.com/thorn-lab/coronavirus_structural_task_force/tree/master/pdb/human_interaction_partners/ACE2/3sck,human_interaction_partners,ACE2,0,
5ek0,,X-RAY DIFFRACTION,../pdb/human_interaction_partners/TCP2/5ek0,https://github.com/thorn-lab/coronavirus_structural_task_force/tree/master/pdb/human_interaction_partners/TCP2/5ek0,human_interaction_partners,TCP2,0,
6n4i,,X-RAY DIFFRACTION,../pdb/human_interaction_partners/TCP2/6n4i,https://github.com/thorn-lab/coronavirus_structural_task_force/tree/master/pdb/human_interaction_partners/TCP2/6n4i,human_interaction_partners,TCP2,0,
1xak,,X-RAY DIFFRACTION,../pdb/hypothetical_protein_sars7a/SARS-CoV/1xak,https://github.com/thorn-lab/coronavirus_structural_task_force/tree/master/pdb/hypothetical_protein_sars7a/SARS-CoV/1xak,hypothetical_protein_sars7a,SARS-CoV,0,
6wvn,,X-RAY DIFFRACTION,../pdb/methyltransferase-nsp10/SARS-CoV-2/6wvn,https://github.com/thorn-lab/coronavirus_structural_task_force/tree/master/pdb/methyltransferase-nsp10/SARS-CoV-2/6wvn,methyltransferase-nsp10,SARS-CoV-2,0,
6wjt,,X-RAY DIFFRACTION,../pdb/methyltransferase-nsp10/SARS-CoV-2/6wjt,https://github.com/thorn-lab/coronavirus_structural_task_force/tree/master/pdb/methyltransferase-nsp10/SARS-CoV-2/6wjt,methyltransferase-nsp10,SARS-CoV-2,0,
7bq7,,X-RAY DIFFRACTION,../pdb/methyltransferase-nsp10/SARS-CoV-2/7bq7,https://github.com/thorn-lab/coronavirus_structural_task_force/tree/master/pdb/methyltransferase-nsp10/SARS-CoV-2/7bq7,methyltransferase-nsp10,SARS-CoV-2,0,
7c2i,,X-RAY DIFFRACTION,../pdb/methyltransferase-nsp10/SARS-CoV-2/7c2i,https://github.com/thorn-lab/coronavirus_structural_task_force/tree/master/pdb/methyltransferase-nsp10/SARS-CoV-2/7c2i,methyltransferase-nsp10,SARS-CoV-2,0,
6wks,,X-RAY DIFFRACTION,../pdb/methyltransferase-nsp10/SARS-CoV-2/6wks,https://github.com/thorn-lab/coronavirus_structural_task_force/tree/master/pdb/methyltransferase-nsp10/SARS-CoV-2/6wks,methyltransferase-nsp10,SARS-CoV-2,0,
6wrz,,X-RAY DIFFRACTION,../pdb/methyltransferase-nsp10/SARS-CoV-2/6wrz,https://github.com/thorn-lab/coronavirus_structural_task_force/tree/master/pdb/methyltransferase-nsp10/SARS-CoV-2/6wrz,methyltransferase-nsp10,SARS-CoV-2,0,
7c2j,,X-RAY DIFFRACTION,../pdb/methyltransferase-nsp10/SARS-CoV-2/7c2j,https://github.com/thorn-lab/coronavirus_structural_task_force/tree/master/pdb/methyltransferase-nsp10/SARS-CoV-2/7c2j,methyltransferase-nsp10,SARS-CoV-2,0,
6w61,,X-RAY DIFFRACTION,../pdb/methyltransferase-nsp10/SARS-CoV-2/6w61,https://github.com/thorn-lab/coronavirus_structural_task_force/tree/master/pdb/methyltransferase-nsp10/SARS-CoV-2/6w61,methyltransferase-nsp10,SARS-CoV-2,0,
6w4h,,X-RAY DIFFRACTION,../pdb/methyltransferase-nsp10/SARS-CoV-2/6w4h,https://github.com/thorn-lab/coronavirus_structural_task_force/tree/master/pdb/methyltransferase-nsp10/SARS-CoV-2/6w4h,methyltransferase-nsp10,SARS-CoV-2,0,
6xkm,,X-RAY DIFFRACTION,../pdb/methyltransferase-nsp10/SARS-CoV-2/6xkm,https://github.com/thorn-lab/coronavirus_structural_task_force/tree/master/pdb/methyltransferase-nsp10/SARS-CoV-2/6xkm,methyltransferase-nsp10,SARS-CoV-2,0,
6wq3,,X-RAY DIFFRACTION,../pdb/methyltransferase-nsp10/SARS-CoV-2/6wq3,https://github.com/thorn-lab/coronavirus_structural_task_force/tree/master/pdb/methyltransferase-nsp10/SARS-CoV-2/6wq3,methyltransferase-nsp10,SARS-CoV-2,0,
6yz1,,X-RAY DIFFRACTION,../pdb/methyltransferase-nsp10/SARS-CoV-2/6yz1,https://github.com/thorn-lab/coronavirus_structural_task_force/tree/master/pdb/methyltransferase-nsp10/SARS-CoV-2/6yz1,methyltransferase-nsp10,SARS-CoV-2,0,
6wkq,,X-RAY DIFFRACTION,../pdb/methyltransferase-nsp10/SARS-CoV-2/6wkq,https://github.com/thorn-lab/coronavirus_structural_task_force/tree/master/pdb/methyltransferase-nsp10/SARS-CoV-2/6wkq,methyltransferase-nsp10,SARS-CoV-2,0,
6w75,,X-RAY DIFFRACTION,../pdb/methyltransferase-nsp10/SARS-CoV-2/6w75,https://github.com/thorn-lab/coronavirus_structural_task_force/tree/master/pdb/methyltransferase-nsp10/SARS-CoV-2/6w75,methyltransferase-nsp10,SARS-CoV-2,0,
3r24,,X-RAY DIFFRACTION,../pdb/methyltransferase-nsp10/SARS-CoV/3r24,https://github.com/thorn-lab/coronavirus_structural_task_force/tree/master/pdb/methyltransferase-nsp10/SARS-CoV/3r24,methyltransferase-nsp10,SARS-CoV,1,
2xyv,,X-RAY DIFFRACTION,../pdb/methyltransferase-nsp10/SARS-CoV/2xyv,https://github.com/thorn-lab/coronavirus_structural_task_force/tree/master/pdb/methyltransferase-nsp10/SARS-CoV/2xyv,methyltransferase-nsp10,SARS-CoV,0,
2xyq,,X-RAY DIFFRACTION,../pdb/methyltransferase-nsp10/SARS-CoV/2xyq,https://github.com/thorn-lab/coronavirus_structural_task_force/tree/master/pdb/methyltransferase-nsp10/SARS-CoV/2xyq,methyltransferase-nsp10,SARS-CoV,0,
2xyr,,X-RAY DIFFRACTION,../pdb/methyltransferase-nsp10/SARS-CoV/2xyr,https://github.com/thorn-lab/coronavirus_structural_task_force/tree/master/pdb/methyltransferase-nsp10/SARS-CoV/2xyr,methyltransferase-nsp10,SARS-CoV,0,
6zct,,X-RAY DIFFRACTION,../pdb/nsp10/SARS-CoV-2/6zct,https://github.com/thorn-lab/coronavirus_structural_task_force/tree/master/pdb/nsp10/SARS-CoV-2/6zct,nsp10,SARS-CoV-2,0,
2g9t,,X-RAY DIFFRACTION,../pdb/nsp10/SARS-CoV/2g9t,https://github.com/thorn-lab/coronavirus_structural_task_force/tree/master/pdb/nsp10/SARS-CoV/2g9t,nsp10,SARS-CoV,0,
2fyg,,X-RAY DIFFRACTION,../pdb/nsp10/SARS-CoV/2fyg,https://github.com/thorn-lab/coronavirus_structural_task_force/tree/master/pdb/nsp10/SARS-CoV/2fyg,nsp10,SARS-CoV,0,
2ga6,,X-RAY DIFFRACTION,../pdb/nsp10/SARS-CoV/2ga6,https://github.com/thorn-lab/coronavirus_structural_task_force/tree/master/pdb/nsp10/SARS-CoV/2ga6,nsp10,SARS-CoV,0,
6wey,,X-RAY DIFFRACTION,../pdb/nsp3/SARS-CoV-2/6wey,https://github.com/thorn-lab/coronavirus_structural_task_force/tree/master/pdb/nsp3/SARS-CoV-2/6wey,nsp3,SARS-CoV-2,0,
6w6y,,X-RAY DIFFRACTION,../pdb/nsp3/SARS-CoV-2/6w6y,https://github.com/thorn-lab/coronavirus_structural_task_force/tree/master/pdb/nsp3/SARS-CoV-2/6w6y,nsp3,SARS-CoV-2,0,
6wx4,,X-RAY DIFFRACTION,../pdb/nsp3/SARS-CoV-2/6wx4,https://github.com/thorn-lab/coronavirus_structural_task_force/tree/master/pdb/nsp3/SARS-CoV-2/6wx4,nsp3,SARS-CoV-2,0,
6w02,,X-RAY DIFFRACTION,../pdb/nsp3/SARS-CoV-2/6w02,https://github.com/thorn-lab/coronavirus_structural_task_force/tree/master/pdb/nsp3/SARS-CoV-2/6w02,nsp3,SARS-CoV-2,0,
6wcf,,X-RAY DIFFRACTION,../pdb/nsp3/SARS-CoV-2/6wcf,https://github.com/thorn-lab/coronavirus_structural_task_force/tree/master/pdb/nsp3/SARS-CoV-2/6wcf,nsp3,SARS-CoV-2,0,
6ywl,,X-RAY DIFFRACTION,../pdb/nsp3/SARS-CoV-2/6ywl,https://github.com/thorn-lab/coronavirus_structural_task_force/tree/master/pdb/nsp3/SARS-CoV-2/6ywl,nsp3,SARS-CoV-2,0,
6wuu,,X-RAY DIFFRACTION,../pdb/nsp3/SARS-CoV-2/6wuu,https://github.com/thorn-lab/coronavirus_structural_task_force/tree/master/pdb/nsp3/SARS-CoV-2/6wuu,nsp3,SARS-CoV-2,0,
6xg3,,X-RAY DIFFRACTION,../pdb/nsp3/SARS-CoV-2/6xg3,https://github.com/thorn-lab/coronavirus_structural_task_force/tree/master/pdb/nsp3/SARS-CoV-2/6xg3,nsp3,SARS-CoV-2,0,
6ywm,,X-RAY DIFFRACTION,../pdb/nsp3/SARS-CoV-2/6ywm,https://github.com/thorn-lab/coronavirus_structural_task_force/tree/master/pdb/nsp3/SARS-CoV-2/6ywm,nsp3,SARS-CoV-2,0,
6wrh,,X-RAY DIFFRACTION,../pdb/nsp3/SARS-CoV-2/6wrh,https://github.com/thorn-lab/coronavirus_structural_task_force/tree/master/pdb/nsp3/SARS-CoV-2/6wrh,nsp3,SARS-CoV-2,0,
6vxs,,X-RAY DIFFRACTION,../pdb/nsp3/SARS-CoV-2/6vxs,https://github.com/thorn-lab/coronavirus_structural_task_force/tree/master/pdb/nsp3/SARS-CoV-2/6vxs,nsp3,SARS-CoV-2,1,
6wzu,,X-RAY DIFFRACTION,../pdb/nsp3/SARS-CoV-2/6wzu,https://github.com/thorn-lab/coronavirus_structural_task_force/tree/master/pdb/nsp3/SARS-CoV-2/6wzu,nsp3,SARS-CoV-2,0,
6wen,,X-RAY DIFFRACTION,../pdb/nsp3/SARS-CoV-2/6wen,https://github.com/thorn-lab/coronavirus_structural_task_force/tree/master/pdb/nsp3/SARS-CoV-2/6wen,nsp3,SARS-CoV-2,0,
6xa9,,X-RAY DIFFRACTION,../pdb/nsp3/SARS-CoV-2/6xa9,https://github.com/thorn-lab/coronavirus_structural_task_force/tree/master/pdb/nsp3/SARS-CoV-2/6xa9,nsp3,SARS-CoV-2,0,
6woj,,X-RAY DIFFRACTION,../pdb/nsp3/SARS-CoV-2/6woj,https://github.com/thorn-lab/coronavirus_structural_task_force/tree/master/pdb/nsp3/SARS-CoV-2/6woj,nsp3,SARS-CoV-2,0,
6ywk,,X-RAY DIFFRACTION,../pdb/nsp3/SARS-CoV-2/6ywk,https://github.com/thorn-lab/coronavirus_structural_task_force/tree/master/pdb/nsp3/SARS-CoV-2/6ywk,nsp3,SARS-CoV-2,0,
6w9c,,X-RAY DIFFRACTION,../pdb/nsp3/SARS-CoV-2/6w9c,https://github.com/thorn-lab/coronavirus_structural_task_force/tree/master/pdb/nsp3/SARS-CoV-2/6w9c,nsp3,SARS-CoV-2,1,
6xaa,,X-RAY DIFFRACTION,../pdb/nsp3/SARS-CoV-2/6xaa,https://github.com/thorn-lab/coronavirus_structural_task_force/tree/master/pdb/nsp3/SARS-CoV-2/6xaa,nsp3,SARS-CoV-2,0,
6yva,,X-RAY DIFFRACTION,../pdb/nsp3/SARS-CoV-2/6yva,https://github.com/thorn-lab/coronavirus_structural_task_force/tree/master/pdb/nsp3/SARS-CoV-2/6yva,nsp3,SARS-CoV-2,0,
4mm3,,X-RAY DIFFRACTION,../pdb/nsp3/SARS-CoV/4mm3,https://github.com/thorn-lab/coronavirus_structural_task_force/tree/master/pdb/nsp3/SARS-CoV/4mm3,nsp3,SARS-CoV,0,
4m0w,,X-RAY DIFFRACTION,../pdb/nsp3/SARS-CoV/4m0w,https://github.com/thorn-lab/coronavirus_structural_task_force/tree/master/pdb/nsp3/SARS-CoV/4m0w,nsp3,SARS-CoV,0,
3e9s,,X-RAY DIFFRACTION,../pdb/nsp3/SARS-CoV/3e9s,https://github.com/thorn-lab/coronavirus_structural_task_force/tree/master/pdb/nsp3/SARS-CoV/3e9s,nsp3,SARS-CoV,0,
2fav,,X-RAY DIFFRACTION,../pdb/nsp3/SARS-CoV/2fav,https://github.com/thorn-lab/coronavirus_structural_task_force/tree/master/pdb/nsp3/SARS-CoV/2fav,nsp3,SARS-CoV,0,
4ow0,,X-RAY DIFFRACTION,../pdb/nsp3/SARS-CoV/4ow0,https://github.com/thorn-lab/coronavirus_structural_task_force/tree/master/pdb/nsp3/SARS-CoV/4ow0,nsp3,SARS-CoV,0,
5y3e,,X-RAY DIFFRACTION,../pdb/nsp3/SARS-CoV/5y3e,https://github.com/thorn-lab/coronavirus_structural_task_force/tree/master/pdb/nsp3/SARS-CoV/5y3e,nsp3,SARS-CoV,0,
2acf,,X-RAY DIFFRACTION,../pdb/nsp3/SARS-CoV/2acf,https://github.com/thorn-lab/coronavirus_structural_task_force/tree/master/pdb/nsp3/SARS-CoV/2acf,nsp3,SARS-CoV,0,
3mj5,,X-RAY DIFFRACTION,../pdb/nsp3/SARS-CoV/3mj5,https://github.com/thorn-lab/coronavirus_structural_task_force/tree/master/pdb/nsp3/SARS-CoV/3mj5,nsp3,SARS-CoV,0,
2wct,,X-RAY DIFFRACTION,../pdb/nsp3/SARS-CoV/2wct,https://github.com/thorn-lab/coronavirus_structural_task_force/tree/master/pdb/nsp3/SARS-CoV/2wct,nsp3,SARS-CoV,0,
5y3q,,X-RAY DIFFRACTION,../pdb/nsp3/SARS-CoV/5y3q,https://github.com/thorn-lab/coronavirus_structural_task_force/tree/master/pdb/nsp3/SARS-CoV/5y3q,nsp3,SARS-CoV,0,
5e6j,,X-RAY DIFFRACTION,../pdb/nsp3/SARS-CoV/5e6j,https://github.com/thorn-lab/coronavirus_structural_task_force/tree/master/pdb/nsp3/SARS-CoV/5e6j,nsp3,SARS-CoV,0,
2w2g,,X-RAY DIFFRACTION,../pdb/nsp3/SARS-CoV/2w2g,https://github.com/thorn-lab/coronavirus_structural_task_force/tree/master/pdb/nsp3/SARS-CoV/2w2g,nsp3,SARS-CoV,0,
4ovz,,X-RAY DIFFRACTION,../pdb/nsp3/SARS-CoV/4ovz,https://github.com/thorn-lab/coronavirus_structural_task_force/tree/master/pdb/nsp3/SARS-CoV/4ovz,nsp3,SARS-CoV,0,
2fe8,,X-RAY DIFFRACTION,../pdb/nsp3/SARS-CoV/2fe8,https://github.com/thorn-lab/coronavirus_structural_task_force/tree/master/pdb/nsp3/SARS-CoV/2fe8,nsp3,SARS-CoV,0,
5tl6,,X-RAY DIFFRACTION,../pdb/nsp3/SARS-CoV/5tl6,https://github.com/thorn-lab/coronavirus_structural_task_force/tree/master/pdb/nsp3/SARS-CoV/5tl6,nsp3,SARS-CoV,0,
5tl7,,X-RAY DIFFRACTION,../pdb/nsp3/SARS-CoV/5tl7,https://github.com/thorn-lab/coronavirus_structural_task_force/tree/master/pdb/nsp3/SARS-CoV/5tl7,nsp3,SARS-CoV,0,
6wtc,,X-RAY DIFFRACTION,../pdb/nsp8-nsp7/SARS-CoV-2/6wtc,https://github.com/thorn-lab/coronavirus_structural_task_force/tree/master/pdb/nsp8-nsp7/SARS-CoV-2/6wtc,nsp8-nsp7,SARS-CoV-2,0,
6wiq,,X-RAY DIFFRACTION,../pdb/nsp8-nsp7/SARS-CoV-2/6wiq,https://github.com/thorn-lab/coronavirus_structural_task_force/tree/master/pdb/nsp8-nsp7/SARS-CoV-2/6wiq,nsp8-nsp7,SARS-CoV-2,0,
5f22,,X-RAY DIFFRACTION,../pdb/nsp8-nsp7/SARS-CoV/5f22,https://github.com/thorn-lab/coronavirus_structural_task_force/tree/master/pdb/nsp8-nsp7/SARS-CoV/5f22,nsp8-nsp7,SARS-CoV,0,
2ahm,,X-RAY DIFFRACTION,../pdb/nsp8-nsp7/SARS-CoV/2ahm,https://github.com/thorn-lab/coronavirus_structural_task_force/tree/master/pdb/nsp8-nsp7/SARS-CoV/2ahm,nsp8-nsp7,SARS-CoV,0,
6wxd,,X-RAY DIFFRACTION,../pdb/nsp9/SARS-CoV-2/6wxd,https://github.com/thorn-lab/coronavirus_structural_task_force/tree/master/pdb/nsp9/SARS-CoV-2/6wxd,nsp9,SARS-CoV-2,0,
6w4b,,X-RAY DIFFRACTION,../pdb/nsp9/SARS-CoV-2/6w4b,https://github.com/thorn-lab/coronavirus_structural_task_force/tree/master/pdb/nsp9/SARS-CoV-2/6w4b,nsp9,SARS-CoV-2,1,
6w9q,,X-RAY DIFFRACTION,../pdb/nsp9/SARS-CoV-2/6w9q,https://github.com/thorn-lab/coronavirus_structural_task_force/tree/master/pdb/nsp9/SARS-CoV-2/6w9q,nsp9,SARS-CoV-2,0,
3ee7,,X-RAY DIFFRACTION,../pdb/nsp9/SARS-CoV/3ee7,https://github.com/thorn-lab/coronavirus_structural_task_force/tree/master/pdb/nsp9/SARS-CoV/3ee7,nsp9,SARS-CoV,0,
1qz8,,X-RAY DIFFRACTION,../pdb/nsp9/SARS-CoV/1qz8,https://github.com/thorn-lab/coronavirus_structural_task_force/tree/master/pdb/nsp9/SARS-CoV/1qz8,nsp9,SARS-CoV,0,
1uw7,,X-RAY DIFFRACTION,../pdb/nsp9/SARS-CoV/1uw7,https://github.com/thorn-lab/coronavirus_structural_task_force/tree/master/pdb/nsp9/SARS-CoV/1uw7,nsp9,SARS-CoV,0,
6wji,,X-RAY DIFFRACTION,../pdb/nucleocapsid_protein/SARS-CoV-2/6wji,https://github.com/thorn-lab/coronavirus_structural_task_force/tree/master/pdb/nucleocapsid_protein/SARS-CoV-2/6wji,nucleocapsid_protein,SARS-CoV-2,0,
2cjr,,X-RAY DIFFRACTION,../pdb/nucleocapsid_protein/SARS-CoV/2cjr,https://github.com/thorn-lab/coronavirus_structural_task_force/tree/master/pdb/nucleocapsid_protein/SARS-CoV/2cjr,nucleocapsid_protein,SARS-CoV,0,
2gib,,X-RAY DIFFRACTION,../pdb/nucleocapsid_protein/SARS-CoV/2gib,https://github.com/thorn-lab/coronavirus_structural_task_force/tree/master/pdb/nucleocapsid_protein/SARS-CoV/2gib,nucleocapsid_protein,SARS-CoV,0,
2ofz,,X-RAY DIFFRACTION,../pdb/nucleocapsid_protein/SARS-CoV/2ofz,https://github.com/thorn-lab/coronavirus_structural_task_force/tree/master/pdb/nucleocapsid_protein/SARS-CoV/2ofz,nucleocapsid_protein,SARS-CoV,0,
2og3,,X-RAY DIFFRACTION,../pdb/nucleocapsid_protein/SARS-CoV/2og3,https://github.com/thorn-lab/coronavirus_structural_task_force/tree/master/pdb/nucleocapsid_protein/SARS-CoV/2og3,nucleocapsid_protein,SARS-CoV,0,
6yla,,X-RAY DIFFRACTION,../pdb/surface_glycoprotein/SARS-CoV-2/6yla,https://github.com/thorn-lab/coronavirus_structural_task_force/tree/master/pdb/surface_glycoprotein/SARS-CoV-2/6yla,surface_glycoprotein,SARS-CoV-2,0,
6lvn,,X-RAY DIFFRACTION,../pdb/surface_glycoprotein/SARS-CoV-2/6lvn,https://github.com/thorn-lab/coronavirus_structural_task_force/tree/master/pdb/surface_glycoprotein/SARS-CoV-2/6lvn,surface_glycoprotein,SARS-CoV-2,1,
3scl,,X-RAY DIFFRACTION,../pdb/surface_glycoprotein/SARS-CoV/3scl,https://github.com/thorn-lab/coronavirus_structural_task_force/tree/master/pdb/surface_glycoprotein/SARS-CoV/3scl,surface_glycoprotein,SARS-CoV,0,
1zv7,,X-RAY DIFFRACTION,../pdb/surface_glycoprotein/SARS-CoV/1zv7,https://github.com/thorn-lab/coronavirus_structural_task_force/tree/master/pdb/surface_glycoprotein/SARS-CoV/1zv7,surface_glycoprotein,SARS-CoV,0,
1zv8,,X-RAY DIFFRACTION,../pdb/surface_glycoprotein/SARS-CoV/1zv8,https://github.com/thorn-lab/coronavirus_structural_task_force/tree/master/pdb/surface_glycoprotein/SARS-CoV/1zv8,surface_glycoprotein,SARS-CoV,0,
5x4s,,X-RAY DIFFRACTION,../pdb/surface_glycoprotein/SARS-CoV/5x4s,https://github.com/thorn-lab/coronavirus_structural_task_force/tree/master/pdb/surface_glycoprotein/SARS-CoV/5x4s,surface_glycoprotein,SARS-CoV,0,
5zvm,,X-RAY DIFFRACTION,../pdb/surface_glycoprotein/SARS-CoV/5zvm,https://github.com/thorn-lab/coronavirus_structural_task_force/tree/master/pdb/surface_glycoprotein/SARS-CoV/5zvm,surface_glycoprotein,SARS-CoV,0,
3sci,,X-RAY DIFFRACTION,../pdb/surface_glycoprotein/SARS-CoV/3sci,https://github.com/thorn-lab/coronavirus_structural_task_force/tree/master/pdb/surface_glycoprotein/SARS-CoV/3sci,surface_glycoprotein,SARS-CoV,0,
2bez,,X-RAY DIFFRACTION,../pdb/surface_glycoprotein/SARS-CoV/2bez,https://github.com/thorn-lab/coronavirus_structural_task_force/tree/master/pdb/surface_glycoprotein/SARS-CoV/2bez,surface_glycoprotein,SARS-CoV,0,
3d0g,,X-RAY DIFFRACTION,../pdb/surface_glycoprotein/SARS-CoV/3d0g,https://github.com/thorn-lab/coronavirus_structural_task_force/tree/master/pdb/surface_glycoprotein/SARS-CoV/3d0g,surface_glycoprotein,SARS-CoV,0,
3scj,,X-RAY DIFFRACTION,../pdb/surface_glycoprotein/SARS-CoV/3scj,https://github.com/thorn-lab/coronavirus_structural_task_force/tree/master/pdb/surface_glycoprotein/SARS-CoV/3scj,surface_glycoprotein,SARS-CoV,0,
2ghv,,X-RAY DIFFRACTION,../pdb/surface_glycoprotein/SARS-CoV/2ghv,https://github.com/thorn-lab/coronavirus_structural_task_force/tree/master/pdb/surface_glycoprotein/SARS-CoV/2ghv,surface_glycoprotein,SARS-CoV,0,
3d0h,,X-RAY DIFFRACTION,../pdb/surface_glycoprotein/SARS-CoV/3d0h,https://github.com/thorn-lab/coronavirus_structural_task_force/tree/master/pdb/surface_glycoprotein/SARS-CoV/3d0h,surface_glycoprotein,SARS-CoV,0,
2dd8,,X-RAY DIFFRACTION,../pdb/surface_glycoprotein/SARS-CoV/2dd8,https://github.com/thorn-lab/coronavirus_structural_task_force/tree/master/pdb/surface_glycoprotein/SARS-CoV/2dd8,surface_glycoprotein,SARS-CoV,0,
1wnc,,X-RAY DIFFRACTION,../pdb/surface_glycoprotein/SARS-CoV/1wnc,https://github.com/thorn-lab/coronavirus_structural_task_force/tree/master/pdb/surface_glycoprotein/SARS-CoV/1wnc,surface_glycoprotein,SARS-CoV,0,
3d0i,,X-RAY DIFFRACTION,../pdb/surface_glycoprotein/SARS-CoV/3d0i,https://github.com/thorn-lab/coronavirus_structural_task_force/tree/master/pdb/surface_glycoprotein/SARS-CoV/3d0i,surface_glycoprotein,SARS-CoV,0,
3bgf,,X-RAY DIFFRACTION,../pdb/surface_glycoprotein/SARS-CoV/3bgf,https://github.com/thorn-lab/coronavirus_structural_task_force/tree/master/pdb/surface_glycoprotein/SARS-CoV/3bgf,surface_glycoprotein,SARS-CoV,0,
6waq,,X-RAY DIFFRACTION,../pdb/surface_glycoprotein/SARS-CoV/6waq,https://github.com/thorn-lab/coronavirus_structural_task_force/tree/master/pdb/surface_glycoprotein/SARS-CoV/6waq,surface_glycoprotein,SARS-CoV,0,
1wyy,,X-RAY DIFFRACTION,../pdb/surface_glycoprotein/SARS-CoV/1wyy,https://github.com/thorn-lab/coronavirus_structural_task_force/tree/master/pdb/surface_glycoprotein/SARS-CoV/1wyy,surface_glycoprotein,SARS-CoV,0,
2beq,,X-RAY DIFFRACTION,../pdb/surface_glycoprotein/SARS-CoV/2beq,https://github.com/thorn-lab/coronavirus_structural_task_force/tree/master/pdb/surface_glycoprotein/SARS-CoV/2beq,surface_glycoprotein,SARS-CoV,0,
2ajf,,X-RAY DIFFRACTION,../pdb/surface_glycoprotein/SARS-CoV/2ajf,https://github.com/thorn-lab/coronavirus_structural_task_force/tree/master/pdb/surface_glycoprotein/SARS-CoV/2ajf,surface_glycoprotein,SARS-CoV,0,
1zva,,X-RAY DIFFRACTION,../pdb/surface_glycoprotein/SARS-CoV/1zva,https://github.com/thorn-lab/coronavirus_structural_task_force/tree/master/pdb/surface_glycoprotein/SARS-CoV/1zva,surface_glycoprotein,SARS-CoV,0,
1zvb,,X-RAY DIFFRACTION,../pdb/surface_glycoprotein/SARS-CoV/1zvb,https://github.com/thorn-lab/coronavirus_structural_task_force/tree/master/pdb/surface_glycoprotein/SARS-CoV/1zvb,surface_glycoprotein,SARS-CoV,0,
3sck,,X-RAY DIFFRACTION,../pdb/surface_glycoprotein/SARS-CoV/3sck,https://github.com/thorn-lab/coronavirus_structural_task_force/tree/master/pdb/surface_glycoprotein/SARS-CoV/3sck,surface_glycoprotein,SARS-CoV,0,
2ghw,,X-RAY DIFFRACTION,../pdb/surface_glycoprotein/SARS-CoV/2ghw,https://github.com/thorn-lab/coronavirus_structural_task_force/tree/master/pdb/surface_glycoprotein/SARS-CoV/2ghw,surface_glycoprotein,SARS-CoV,0,
pdb,,method,path,url,protein,virus,resolution,
